,1. Buy & Hold,2. VT Buy & Hold,3. Risk Parity,4. RORO Crash,5. 2D Signal,6. RORO 2D,7. VT RORO 2D,8. Multi-Asset,9. Ensemble WFO,10. Full Stack
2019-01-25,0.0,0.0,0.0,0.0,0.0,0.0,0.0,0.0,0.0,0.0
2019-01-28,1.0,0.5063630170880469,1.0,1.0,0.7,0.7,0.3544541119616328,1.0,0.3569859270470731,0.7595445256320703
2019-01-29,1.0,0.5154233294630363,1.0,1.0,0.7,0.7,0.36079633062412536,1.0,0.3633734472714406,0.7731349941945544
2019-01-30,1.0,0.5403376755764069,1.0,1.0,0.7,0.7,0.3782363729034848,1.0,0.38093806128136676,0.8105065133646103
2019-01-31,1.0,0.5284392369729739,1.0,1.0,0.7,0.7,0.3699074658810817,1.0,0.37254966206594664,0.7926588554594609
2019-02-01,1.0,0.5484224332600464,1.0,1.0,0.7,0.7,0.38389570328203243,1.0,0.38663781544833264,0.8226336498900695
2019-02-04,1.0,0.5748686524745166,1.0,1.0,0.7,0.7,0.40240805673216157,1.0,0.4052823999945342,0.8623029787117749
2019-02-05,1.0,0.6003104123170827,1.0,1.0,0.7,0.7,0.4202172886219579,1.0,0.42321884068354326,0.9004656184756241
2019-02-06,1.0,0.6309301139091448,1.0,1.0,0.7,0.7,0.44165107973640133,1.0,0.4448057303059471,0.9463951708637172
2019-02-07,1.0,0.6558050707246094,1.0,1.0,0.7,0.7,0.4590635495072265,1.0,0.4623425748608495,0.9837076060869141
2019-02-08,1.0,0.6371503719085648,1.0,1.0,0.7,0.7,0.44600526033599536,1.0,0.44919101219553814,0.9557255578628472
2019-02-11,1.0,0.6697248313098092,1.0,1.0,0.7,0.7,0.4688073819168664,1.0,0.47215600607341546,1.004587246964714
2019-02-12,1.0,0.7035142619897399,1.0,1.0,0.7,0.7,0.4924599833928179,1.0,0.4959775547027666,1.0552713929846098
2019-02-13,1.0,0.6875232084382096,1.0,1.0,0.7,0.7,0.48126624590674666,1.0,0.48470386194893794,1.0312848126573144
2019-02-14,1.0,0.7226799262858671,1.0,1.0,0.7,0.7,0.505875948400107,1.0,0.5094893480315364,1.0840198894288007
2019-02-15,1.0,0.7476247433933052,1.0,1.0,0.7,0.7,0.5233373203753137,1.0,0.5270754440922801,1.1214371150899578
2019-02-19,1.0,0.747831255121964,1.0,1.0,0.7,0.7,0.5234818785853748,1.0,0.5272210348609847,1.121746882682946
2019-02-20,1.0,0.7851540123321793,1.0,1.0,0.7,0.7,0.5496078086325255,1.0,0.5535335786941864,1.177731018498269
2019-02-21,1.0,0.8248501910490528,1.0,1.0,0.7,0.7,0.5773951337343369,1.0,0.5815193846895823,1.2372752865735792
2019-02-22,1.0,0.8378161147481498,1.0,1.0,0.7,0.7,0.5864712803237048,1.0,0.5906603608974457,1.2567241721222246
2019-02-25,1.0,0.8690022084805415,1.0,1.0,1.0,1.0,0.8690022084805415,1.2,0.7560319213780708,1.3035033127208124
2019-02-26,1.0,0.9121593055642635,1.0,1.0,1.0,1.0,0.9121593055642635,1.2,0.7935785958409095,1.3682389583463952
2019-02-27,1.0,0.9485642938501605,1.0,1.0,1.0,1.0,0.9485642938501605,1.2,0.8252509356496397,1.4228464407752408
2019-02-28,1.0,0.9894044324124751,1.0,1.0,1.0,1.0,0.9894044324124751,1.2,0.7915235459299801,1.4841066486187127
2019-03-01,1.0,1.0218428651533566,1.0,1.0,1.0,1.0,1.0218428651533566,1.2,0.8174742921226856,1.532764297730035
2019-03-04,1.0,1.0449581965484196,1.0,1.0,1.0,1.0,1.0449581965484196,1.2,0.8359665572387358,0.8359665572387358
2019-03-05,1.0,1.0527513376410516,1.0,1.0,1.0,1.0,1.0527513376410516,1.2,0.8422010701128413,0.8422010701128414
2019-03-06,1.0,1.0943093612766472,1.0,1.0,1.0,1.0,1.0943093612766472,1.2,0.8754474890213176,0.875447489021318
2019-03-07,1.0,1.0679178097027522,1.0,1.0,1.0,1.0,1.0679178097027522,1.2,0.8543342477622018,0.8543342477622019
2019-03-08,1.0,1.0130625154269737,1.0,1.0,0.7,0.7,0.7091437607988815,1.0,1.4486793970605725,0.8104500123415791
2019-03-11,1.0,1.0611421009603457,1.0,1.0,0.7,0.7,0.742799470672242,1.5,1.5174332043732948,0.8489136807682767
2019-03-12,1.0,0.8716818757333932,1.0,1.0,0.7,0.7,0.6101773130133752,1.5,1.2465050822987522,0.6973455005867146
2019-03-13,1.0,0.9095026265732127,1.0,1.0,0.7,0.7,0.6366518386012489,1.5,1.3005887559996936,0.7276021012585703
2019-03-14,1.0,0.9283246232207941,1.0,1.0,0.7,0.7,0.6498272362545559,1.5,1.3275042112057354,0.7426596985766354
2019-03-15,1.0,0.9700247841094485,1.0,0.0,0.0,0.0,0.0,0.2,0.02910074352328345,0.0
2019-03-18,1.0,1.0058167235931603,1.0,0.0,0.0,0.0,0.0,0.2,0.08046533788745283,0.0
2019-03-19,1.0,1.0531262727865949,1.0,0.0,0.0,0.0,0.0,0.2,0.0842501018229276,0.0
2019-03-20,1.0,1.1024033307660293,1.0,0.0,0.0,0.0,0.0,0.2,0.08819226646128234,0.0
2019-03-21,1.0,1.1192898821197819,1.0,0.0,0.0,0.0,0.0,0.2,0.08954319056958256,0.0
2019-03-22,1.0,1.027598603896049,1.0,0.0,0.0,0.0,0.0,0.2,0.08220788831168392,0.0
2019-03-25,1.0,0.7216764221826895,1.0,0.0,0.0,0.0,0.0,0.2,0.05773411377461516,1.0825146332740343
2019-03-26,1.0,0.7581910673494884,1.0,0.0,0.0,0.0,0.0,0.2,0.06065528538795908,1.1372866010242326
2019-03-27,1.0,0.768058104551925,1.0,0.0,0.0,0.0,0.0,0.2,0.06144464836415401,1.1520871568278874
2019-03-28,1.0,0.7860199987398039,1.0,0.0,0.0,0.0,0.0,1.0,1.124008598197919,1.1790299981097059
2019-03-29,1.0,0.8185358962348103,1.0,1.0,0.0,0.0,0.0,1.0,1.170506331615779,1.2278038443522155
2019-04-01,1.0,0.8379039174089098,1.0,1.0,0.7,0.7,0.5865327421862369,1.0,1.1982026018947405,1.2568558761133648
2019-04-02,1.0,0.8031233052010411,1.0,1.0,0.0,0.0,0.0,1.0,1.1083101611774364,0.642498644160833
2019-04-03,1.0,0.842381243496719,1.0,0.0,0.0,0.0,0.0,0.2,0.025271437304901567,0.0
2019-04-04,1.0,0.8854513544139069,1.0,0.0,0.0,0.0,0.0,0.2,0.026563540632417205,0.0
2019-04-05,1.0,0.9304645113556985,1.0,0.0,0.0,0.0,0.0,0.2,0.027913935340670954,0.0
2019-04-08,1.0,0.9699279222441799,1.0,0.0,0.0,0.0,0.0,0.2,0.145489188336627,0.0
2019-04-09,1.0,1.0168222240964826,1.0,0.0,0.0,0.0,0.0,0.2,0.1525233336144724,0.0
2019-04-10,1.0,1.0018304438594137,1.0,0.0,0.0,0.0,0.0,0.2,0.15027456657891206,0.0
2019-04-11,1.0,1.0482233765828333,1.0,0.0,0.0,0.0,0.0,0.2,0.15723350648742498,0.0
2019-04-12,1.0,1.096367215942396,1.0,0.0,0.0,0.0,0.0,0.2,0.1644550823913594,0.0
2019-04-15,1.0,1.106427863068972,1.0,0.0,1.0,1.0,1.106427863068972,0.2,0.16596417946034578,0.0
2019-04-16,1.0,1.1509891667418584,1.0,0.0,1.0,1.0,1.1509891667418584,0.2,0.17264837501127875,0.0
2019-04-17,1.0,1.2077548550175643,1.0,0.0,1.0,1.0,1.2077548550175643,0.2,0.18116322825263464,0.0
2019-04-18,1.0,1.2327170725344905,1.0,0.0,1.0,1.0,1.2327170725344905,0.2,0.18490756088017357,0.9861736580275926
2019-04-22,1.0,1.2946281030134394,1.0,0.0,1.0,1.0,1.2946281030134394,0.2,0.19419421545201593,1.0357024824107517
2019-04-23,1.0,1.3605026611673618,1.0,0.0,1.0,1.0,1.3605026611673618,0.2,0.2,1.0884021289338897
2019-04-24,1.0,1.2645105955338536,1.0,0.0,1.0,1.0,1.2645105955338536,1.2,1.011608476427083,1.011608476427083
2019-04-25,1.0,1.2840884945317284,1.0,1.0,1.0,1.0,1.2840884945317284,1.2,1.0272707956253828,1.0272707956253828
2019-04-26,1.0,1.3364345905733026,1.0,1.0,1.0,1.0,1.3364345905733026,1.2,1.0691476724586422,1.0691476724586424
2019-04-29,1.0,1.3722628311477172,1.0,1.0,1.0,1.0,1.3722628311477172,1.2,1.0978102649181738,1.097810264918174
2019-04-30,1.0,1.4426234203745107,1.0,1.0,1.0,1.0,1.4426234203745107,1.2,1.154098736299609,1.154098736299609
2019-05-01,1.0,1.5111868854324184,1.0,1.0,1.0,1.0,1.5111868854324184,1.2,1.2089495083459347,1.208949508345935
2019-05-02,1.0,1.3074209117885496,1.0,1.0,1.0,1.0,1.3074209117885496,1.2,1.0459367294308397,1.04593672943084
2019-05-03,1.0,1.3507698862743647,1.0,1.0,1.0,1.0,1.3507698862743647,1.2,1.080615909019492,1.080615909019492
2019-05-06,1.0,1.1987881564809177,1.0,1.0,1.0,1.0,1.1987881564809177,1.2,0.9590305251847336,0.9590305251847344
2019-05-07,1.0,1.197605286044818,1.0,1.0,1.0,1.0,1.197605286044818,1.2,0.9580842288358544,0.9580842288358546
2019-05-08,1.0,0.8666798175239485,1.0,1.0,0.0,0.0,0.0,0.2,0.6933438540191585,0.0
2019-05-09,1.0,0.9109119675288149,1.0,1.2,0.0,0.0,0.0,0.2,0.7560569330489166,0.0
2019-05-10,1.0,0.9531965455981039,1.0,1.2,0.0,0.0,0.0,0.2,0.0,0.0
2019-05-13,1.0,0.9614313915874203,1.0,1.2,0.0,0.0,0.0,1.3,0.0,0.0
2019-05-14,1.0,0.650633962817582,1.0,1.2,0.0,0.0,0.0,0.2,0.0,0.0
2019-05-15,1.0,0.63735017776971,1.0,1.2,0.0,0.0,0.0,0.2,0.0,0.0
2019-05-16,1.0,0.651067327025106,1.0,1.2,0.0,0.0,0.0,0.2,0.0,0.0
2019-05-17,1.0,0.6487895840935644,1.0,1.2,0.0,0.0,0.0,0.2,0.0,0.0
2019-05-20,1.0,0.6675629243583903,1.0,1.2,0.0,0.0,0.0,0.2,0.0,0.0
2019-05-21,1.0,0.6881704381124101,1.0,1.2,0.0,0.0,0.0,0.2,0.0,0.0
2019-05-22,1.0,0.6820382785090627,1.0,1.2,0.0,0.0,0.0,1.3,0.5660917711625221,0.0
2019-05-23,1.0,0.7136846042946303,1.0,1.2,0.0,0.0,0.0,1.3,0.5923582215645433,0.5709476834357043
2019-05-24,1.0,0.6917733240012472,1.0,1.2,0.0,0.0,0.0,0.2,0.0,0.0
2019-05-28,1.0,0.7206965064677068,1.0,1.2,0.0,0.0,0.0,0.2,0.0,0.0
2019-11-19,1.0,0.727413791868716,1.0,1.2,0.0,0.0,0.0,0.2,0.0,0.0
2019-11-20,1.0,1.5959213840644442,1.0,1.2,0.7,0.7,1.117144968845111,0.2,0.0,0.0
2019-11-21,1.0,1.536406116603749,1.0,1.2,0.7,0.7,1.0754842816226242,0.2,0.0,0.0
2019-11-22,1.0,1.5777491127873393,1.0,1.2,0.7,0.7,1.1044243789511374,0.2,0.0,0.0
2019-11-25,1.0,1.6504462311900532,1.0,1.2,0.7,0.7,1.1553123618330372,0.2,0.0,0.0
2019-11-26,1.0,1.5182530876345182,1.0,1.2,0.7,0.7,1.0627771613441626,0.2,0.0,0.0
2019-11-27,1.0,1.5947595605288372,1.0,1.2,0.7,0.7,1.116331692370186,0.2,0.0,1.27580764842307
2019-11-29,1.0,1.6389505438785228,1.0,1.0,0.7,0.7,1.147265380714966,0.2,0.0,1.3111604351028185
2019-12-02,1.0,1.5580540647441266,1.0,1.0,0.7,0.7,1.0906378453208885,0.2,0.0,1.2464432517953015
2019-12-03,1.0,1.290931866146187,1.0,1.0,0.7,0.7,0.9036523063023308,1.5,1.7427580192973515,1.03274549291695
2019-12-04,1.0,1.2285382038899575,1.0,1.0,0.0,0.0,0.0,0.2,1.658526575251442,0.0
2019-12-05,1.0,1.20293773227448,1.0,1.0,0.0,0.0,0.0,0.2,1.8044065984117197,0.0
2019-12-06,1.0,1.260438656746383,1.0,1.0,0.0,0.0,0.0,0.2,1.8906579851195744,0.0
2019-12-09,1.0,1.1647812024593047,1.0,1.0,0.0,0.0,0.0,0.2,1.747171803688957,0.0
2019-12-10,1.0,1.1836166678123259,1.0,1.0,0.0,0.0,0.0,0.2,1.7754250017184887,0.0
2019-12-11,1.0,1.2350180372760402,1.0,1.0,0.0,0.0,0.0,0.2,1.8525270559140599,0.0
2019-12-12,1.0,1.2876984041465414,1.0,1.0,0.0,0.0,0.0,0.2,1.9315476062198116,1.931547606219812
2019-12-13,1.0,1.2128200809097123,1.0,1.0,0.0,0.0,0.0,0.2,1.8192301213645687,1.8192301213645683
2019-12-16,1.0,1.272266445206215,1.0,0.0,0.0,0.0,0.0,0.2,0.0,0.0
2019-12-17,1.0,1.2670908244686065,1.0,0.0,0.0,0.0,0.0,0.2,0.0,0.0
2019-12-18,1.0,1.3227948419884283,1.0,0.0,0.0,0.0,0.0,0.2,0.0,0.0
2019-12-19,1.0,1.3803171190409662,1.0,0.0,0.0,0.0,0.0,0.2,0.0,0.0
2019-12-20,1.0,1.4319744269436345,1.0,0.0,1.0,1.0,1.4319744269436345,0.2,0.0,0.0
2019-12-23,1.0,1.483013902067303,1.0,0.0,1.0,1.0,1.483013902067303,0.2,0.0,0.0
2019-12-24,1.0,1.5572238181574516,1.0,0.0,1.0,1.0,1.5572238181574516,0.2,0.0,0.0
2019-12-26,1.0,1.615554174627004,1.0,0.0,1.0,1.0,1.615554174627004,0.2,0.0,0.0
2019-12-27,1.0,1.6373107918037433,1.0,0.0,1.0,1.0,1.6373107918037433,0.2,0.0,0.0
2019-12-30,1.0,1.686077945110175,1.0,0.0,1.0,1.0,1.686077945110175,0.2,0.0,2.0
2019-12-31,1.0,1.494534559375832,1.0,0.0,1.0,1.0,1.494534559375832,0.2,0.0,2.0
2020-01-02,1.0,1.5655599507725944,1.0,0.0,1.0,1.0,1.5655599507725944,0.2,0.0,2.0
2020-01-03,1.0,1.3954332549517583,1.0,0.0,1.0,1.0,1.3954332549517583,1.0,0.7744654564982261,2.0
2020-01-06,1.0,1.2116528489663407,1.0,1.0,0.7,0.7,0.8481569942764384,1.0,1.63573134610456,1.817479273449511
2020-01-07,1.0,1.25837258432378,1.0,1.0,0.7,0.7,0.880860809026646,1.0,1.8875588764856701,1.8875588764856701
2020-01-08,1.0,1.2767550684517441,1.0,1.0,0.7,0.7,0.8937285479162208,1.0,1.915132602677616,1.915132602677616
2020-01-09,1.0,1.2947800325342231,1.0,1.0,0.7,0.7,0.9063460227739562,1.0,1.9421700488013347,1.9421700488013347
2020-01-10,1.0,1.2867186493482137,1.0,1.0,0.7,0.7,0.9007030545437495,1.0,1.9300779740223206,1.9300779740223204
2020-01-13,1.0,1.2905266947586689,1.0,1.0,0.7,0.7,0.9033686863310681,1.0,1.9357900421380028,1.9357900421380032
2020-01-14,1.0,1.2815441066374067,1.0,1.0,0.7,0.7,0.8970808746461846,1.0,1.9223161599561105,1.92231615995611
2020-01-15,1.0,1.3133366093861607,1.0,1.0,0.7,0.7,0.9193356265703124,1.0,1.9700049140792406,1.970004914079241
2020-01-16,1.0,1.3797564551471173,1.0,1.0,0.7,0.7,0.965829518602982,1.0,2.0,2.0
2020-01-17,1.0,1.3198818471186429,1.0,1.0,1.0,1.0,1.3198818471186429,1.2,1.148297206993219,1.9798227706779643
2020-01-21,1.0,1.3859339655921898,1.0,1.0,1.0,1.0,1.3859339655921898,1.2,1.1978724552263766,2.0
2020-01-22,1.0,1.3930968552535687,1.0,1.0,1.0,1.0,1.3930968552535687,1.2,1.2030297357825694,2.0
2020-01-23,1.0,1.4517661819377388,1.0,1.0,1.0,1.0,1.4517661819377388,1.2,1.1614129455501907,2.0
2020-01-24,1.0,1.5243071388558707,1.0,1.0,1.0,1.0,1.5243071388558707,1.2,1.2194457110846963,2.0
2020-01-27,1.0,1.240795510539731,1.0,1.0,1.0,1.0,1.240795510539731,1.2,0.9926364084317851,1.8611932658095967
2020-01-28,1.0,0.9009634197322757,1.0,1.0,0.0,0.0,0.0,1.2,0.7207707357858203,0.0
2020-01-29,1.0,0.8429132708747824,1.0,0.0,0.0,0.0,0.0,0.2,0.0,0.0
2020-01-30,1.0,0.8852674279612226,1.0,0.0,0.0,0.0,0.0,0.2,0.0,0.0
2020-01-31,1.0,0.9219169483202856,1.0,0.0,0.0,0.0,0.0,0.2,0.0,0.0
2020-02-03,1.0,0.7343195140402596,1.0,0.0,0.0,0.0,0.0,0.2,0.0,0.0
2020-02-04,1.0,0.7345113016991689,1.0,0.0,0.0,0.0,0.0,0.2,0.0,0.0
2020-02-05,1.0,0.6676215623508192,1.0,0.0,0.0,0.0,0.0,0.2,0.0,0.0
2020-02-06,1.0,0.6616312103568532,1.0,0.0,0.0,0.0,0.0,0.2,0.0,0.0
2020-02-07,1.0,0.6948691955135246,1.0,0.0,0.0,0.0,0.0,0.2,0.0,0.0
2020-02-10,1.0,0.7069191535078481,1.0,0.0,0.0,0.0,0.0,0.2,0.0,0.0
2020-02-11,1.0,0.7266259512499997,1.0,0.0,0.0,0.0,0.0,0.2,0.0,0.0
2020-02-12,1.0,0.7638773780357767,1.0,0.0,0.0,0.0,0.0,0.2,0.0,0.0
2020-02-13,1.0,0.7914970666198767,1.0,0.0,0.0,0.0,0.0,0.2,0.0,0.0
2020-02-14,1.0,0.824321323302348,1.0,0.0,0.0,0.0,0.0,0.2,0.0,0.0
2020-02-18,1.0,0.866460546184638,1.0,0.0,0.0,0.0,0.0,0.2,0.0,0.0
2020-02-19,1.0,0.8931741170229903,1.0,0.0,0.0,0.0,0.0,0.2,0.0,0.0
2020-02-20,1.0,0.9294851605982115,1.0,0.0,0.0,0.0,0.0,0.2,0.0,0.0
2020-02-21,1.0,0.9409392997853562,1.0,0.0,0.0,0.0,0.0,0.2,0.0,0.0
2020-02-24,1.0,0.8670003032668389,1.0,0.0,0.0,0.0,0.0,0.2,0.0,0.0
2020-02-25,1.0,0.5163976535153622,1.0,0.0,0.0,0.0,0.0,0.2,0.0,0.0
2020-02-26,1.0,0.442772952698586,1.0,0.0,0.0,0.0,0.0,0.2,0.0,0.0
2020-02-27,1.0,0.46508169010275674,1.0,0.0,0.0,0.0,0.0,0.2,0.0,0.0
2020-02-28,1.0,0.3591398255944092,1.0,0.0,0.0,0.0,0.0,0.2,0.0,0.0
2020-03-02,1.0,0.37606915502182087,1.0,0.0,0.0,0.0,0.0,0.2,0.0,0.0
2020-03-03,1.0,0.28199544776928864,1.0,0.0,0.0,0.0,0.0,0.2,0.0,0.0
2020-03-04,1.0,0.2795645363470844,1.0,0.0,0.0,0.0,0.0,0.2,0.0,0.0
2020-03-05,1.0,0.2434511222805142,1.0,0.0,0.0,0.0,0.0,0.2,0.0,0.0
2020-03-06,1.0,0.2385978414177019,1.0,0.0,0.0,0.0,0.0,0.2,0.0,0.0
2020-03-09,1.0,0.24828712069742112,1.0,0.0,0.0,0.0,0.0,0.2,0.0,0.0
2020-03-10,1.0,0.19366586366864777,1.0,0.0,0.0,0.0,0.0,0.2,0.0,0.0
2020-03-11,1.0,0.1725681400639151,1.0,0.0,0.0,0.0,0.0,0.2,0.0,0.0
2020-03-12,1.0,0.17032321203813666,1.0,0.0,0.0,0.0,0.0,0.2,0.0,0.0
2020-03-13,1.0,0.1446714134842892,1.0,0.0,0.0,0.0,0.0,0.2,0.0,0.0
2020-03-16,1.0,0.12127777118883018,1.0,0.0,0.0,0.0,0.0,0.2,0.0,0.0
2020-03-17,1.0,0.10864994135522728,1.0,0.0,0.0,0.0,0.0,0.2,0.0,0.0
2020-03-18,1.0,0.10625002413596017,1.0,0.0,0.0,0.0,0.0,0.2,0.0,0.0
2020-03-19,1.0,0.10932758866762492,1.0,0.0,0.0,0.0,0.0,0.2,0.0,0.0
2020-03-20,1.0,0.11442449173653718,1.0,0.0,0.0,0.0,0.0,0.2,0.0,0.0
2020-03-23,1.0,0.11858925242863055,1.0,0.0,0.0,0.0,0.0,0.2,0.0,0.0
2020-03-24,1.0,0.12448514316089425,1.0,0.0,0.0,0.0,0.0,0.2,0.0,0.0
2020-03-25,1.0,0.10850171406556033,1.0,0.0,0.0,0.0,0.0,0.2,0.0,0.0
2020-03-26,1.0,0.11326501762175939,1.0,0.0,0.0,0.0,0.0,0.2,0.0,0.0
2020-03-27,1.0,0.11203991462801725,1.0,0.0,0.0,0.0,0.0,0.2,0.0,0.0
2020-03-30,1.0,0.11603779102874465,1.0,0.0,0.0,0.0,0.0,0.2,0.0,0.0
2020-09-16,1.0,0.11962996256022976,1.0,0.0,0.0,0.0,0.0,0.2,0.0,0.0
2020-09-17,1.0,0.4618209914613163,1.0,0.0,0.7,0.7,0.32327469402292136,0.2,0.0,0.0
2020-09-18,1.0,0.4761978784481147,1.0,0.0,0.7,0.7,0.3333385149136803,0.2,0.0,0.0
2020-09-21,1.0,0.4856237918644691,1.0,0.0,0.7,0.7,0.3399366543051283,0.2,0.0,0.0
2020-09-22,1.0,0.49842957570633567,1.0,0.0,0.7,0.7,0.34890070299443493,0.2,0.0,0.0
2020-09-23,1.0,0.4979098801556005,1.0,0.0,0.7,0.7,0.34853691610892035,0.2,0.0,0.0
2020-09-24,1.0,0.4608231685117319,1.0,0.0,0.7,0.7,0.3225762179582123,0.2,0.06912347527675979,0.6912347527675978
2020-09-25,1.0,0.4792713057331195,1.0,0.0,0.7,0.7,0.3354899140131836,0.2,0.07189069585996792,0.7189069585996792
2020-09-28,1.0,0.45702103853276643,1.0,0.0,0.7,0.7,0.3199147269729365,0.2,0.06855315577991497,0.6855315577991496
2020-09-29,1.0,0.4444528986957675,1.0,0.0,0.7,0.7,0.3111170290870372,1.0,0.31333929358051604,0.6666793480436513
2020-09-30,1.0,0.4632801513729871,1.0,1.0,0.7,0.7,0.324296105961091,1.0,0.6949202270594804,0.6949202270594806
2020-10-01,1.0,0.47939330426237436,1.0,1.0,0.7,0.7,0.33557531298366206,1.0,0.7190899563935618,0.7190899563935615
2020-10-02,1.0,0.4991230458246457,1.0,1.0,0.7,0.7,0.34938613207725194,1.0,0.7486845687369689,0.7486845687369685
2020-10-05,1.0,0.5069349156428106,1.0,1.0,0.7,0.7,0.3548544409499674,1.0,0.7604023734642156,0.7604023734642158
2020-10-06,1.0,0.48635390199123596,1.0,1.0,1.0,1.0,0.48635390199123596,1.2,0.7295308529868536,0.7295308529868539
2020-10-07,1.0,0.47603490002471566,1.0,1.0,1.0,1.0,0.47603490002471566,1.2,0.7140523500370736,0.7140523500370735
2020-10-08,1.0,0.46314449922079987,1.0,0.0,0.0,0.0,0.0,0.2,0.06947167488311998,0.0
2020-10-09,1.0,0.48068088054920405,1.0,0.0,0.0,0.0,0.0,0.2,0.03845447044393633,0.0
2020-10-12,1.0,0.4995117227764956,1.0,0.0,0.0,0.0,0.0,0.2,0.039960937822119645,0.0
2020-10-13,1.0,0.49960032592755016,1.0,0.0,0.0,0.0,0.0,0.2,0.039968026074204015,0.0
2020-10-14,1.0,0.5064618958051124,1.0,0.0,0.0,0.0,0.0,0.2,0.04051695166440899,0.0
2020-10-15,1.0,0.5170515668361939,1.0,0.0,0.0,0.0,0.0,0.2,0.041364125346895514,0.0
2020-10-16,1.0,0.5410998614871331,1.0,0.0,0.0,0.0,0.0,0.2,0.04328798891897065,0.0
2020-10-19,1.0,0.5673295388571427,1.0,0.0,0.0,0.0,0.0,0.2,0.045386363108571415,0.0
2020-10-20,1.0,0.5364094170481016,1.0,1.2,0.0,0.0,0.0,1.3,0.44521981614992445,0.4291275336384814
2020-10-21,1.0,0.5610239696805681,1.0,0.0,0.0,0.0,0.0,0.2,0.04488191757444545,0.0
2020-10-22,1.0,0.5883810136740443,1.0,1.2,0.0,0.0,0.0,1.3,0.4883562413494567,0.4707048109392355
2020-10-23,1.0,0.6115522613127756,1.0,1.2,0.0,0.0,0.0,1.3,0.5075883768896038,0.4892418090502206
2020-10-26,1.0,0.6409543828172712,1.0,1.2,0.7,0.7,0.44866806797208986,1.3,0.5319921377383352,0.5127635062538171
2020-10-27,1.0,0.5700987442646889,1.0,1.2,0.7,0.7,0.3990691209852822,1.3,0.47318195773969174,0.4560789954117512
2020-10-28,1.0,0.5976141955450398,1.0,1.2,0.0,0.0,0.0,1.3,0.496019782302383,0.47809135643603196
2020-10-29,1.0,0.4452577975716582,1.0,1.2,0.0,0.0,0.0,1.3,0.36956397198447644,0.3562062380573266
2020-10-30,1.0,0.4456669248908995,1.0,1.2,0.0,0.0,0.0,1.3,0.3699035476594466,0.35653353991271963
2020-11-02,1.0,0.4618922283697395,1.0,1.2,0.0,0.0,0.0,1.3,0.38337054954688365,0.36951378269579166
2020-11-03,1.0,0.4593791407832237,1.0,1.2,0.0,0.0,0.0,1.3,0.38128468685007566,0.36750331262657904
2020-11-04,1.0,0.4392276024791035,1.0,1.2,0.0,0.0,0.0,1.3,0.3645589100576558,0.35138208198328286
2020-11-05,1.0,0.4131660469469892,1.0,1.2,0.0,0.0,0.0,1.3,0.34292781896600094,0.33053283755759144
2020-11-06,1.0,0.4079502713719479,1.0,1.2,0.0,0.0,0.0,1.3,0.338598725238717,0.32636021709755836
2020-11-09,1.0,0.42758824335883067,1.0,1.2,0.0,0.0,0.0,1.3,0.3548982419878295,0.3420705946870646
2020-11-10,1.0,0.44070919925649066,1.0,1.2,0.0,0.0,0.0,1.3,0.36578863538288714,0.35256735940519257
2020-11-11,1.0,0.4598402315507449,1.0,1.2,0.0,0.0,0.0,1.3,0.3816673921871184,0.36787218524059595
2020-11-12,1.0,0.48152640224826426,1.0,1.2,0.0,0.0,0.0,1.3,0.39966691386605946,0.3852211217986115
2020-11-13,1.0,0.4807228379415936,1.0,0.0,0.0,0.0,0.0,0.2,0.0,0.0
2020-11-16,1.0,0.48782794894974063,1.0,0.0,0.0,0.0,0.0,0.2,0.0,0.0
2020-11-17,1.0,0.5013832728742627,1.0,0.0,0.0,0.0,0.0,0.2,0.0,0.0
2020-11-18,1.0,0.5113735394375861,1.0,0.0,0.0,0.0,0.0,0.2,0.0,0.0
2020-11-19,1.0,0.49885292277850257,1.0,0.0,0.0,0.0,0.0,0.2,0.0,0.0
2020-11-20,1.0,0.5237247935586596,1.0,0.0,0.0,0.0,0.0,0.2,0.0,0.0
2020-11-23,1.0,0.535270233704875,1.0,0.0,0.0,0.0,0.0,0.2,0.0,0.0
2020-11-24,1.0,0.5585541762480356,1.0,0.0,0.0,0.0,0.0,0.2,0.0,0.0
2020-11-25,1.0,0.5452429593923079,1.0,0.0,0.0,0.0,0.0,0.2,0.0,0.0
2020-11-27,1.0,0.5683884356745872,1.0,1.2,0.0,0.0,0.0,1.3,0.0,0.0
2020-11-30,1.0,0.5975552321632981,1.0,1.2,0.0,0.0,0.0,1.3,0.0,0.0
2020-12-01,1.0,0.6140209650355475,1.0,1.2,0.0,0.0,0.0,1.3,0.0,0.0
2020-12-02,1.0,0.6227242909435196,1.0,1.2,1.0,1.0,0.6227242909435196,1.3,0.0,0.0
2020-12-03,1.0,0.6544600876913363,1.0,1.2,1.0,1.0,0.6544600876913363,1.3,0.0,0.0
2020-12-04,1.0,0.6844367442996176,1.0,1.2,1.0,1.0,0.6844367442996176,1.3,0.0,0.4106620465797706
2020-12-07,1.0,0.7044000739335652,1.0,1.2,1.0,1.0,0.7044000739335652,1.3,0.0,0.4226400443601392
2020-12-08,1.0,0.7283662519418628,1.0,1.0,1.0,1.0,0.7283662519418628,1.3,0.0,0.4370197511651177
2020-12-09,1.0,0.7656997414474465,1.0,1.0,1.0,1.0,0.7656997414474465,1.3,0.18376793794738716,0.6125597931579573
2020-12-10,1.0,0.7347016120604065,1.0,1.0,1.0,1.0,0.7347016120604065,1.3,0.17632838689449756,0.5877612896483253
2020-12-11,1.0,0.7705392797269303,1.0,1.0,1.0,1.0,0.7705392797269303,1.3,0.1849294271344633,0.6164314237815444
2020-12-14,1.0,0.806155824937989,1.0,1.0,1.0,1.0,0.806155824937989,1.2,0.580432193955352,0.6449246599503913
2020-12-15,1.0,0.8264237196820129,1.0,1.0,1.0,1.0,0.8264237196820129,1.2,0.5950250781710491,0.6611389757456104
2020-12-16,1.0,0.7655647854354983,1.0,1.0,1.0,1.0,0.7655647854354983,1.2,0.6124518283483985,0.6124518283483987
2020-12-17,1.0,0.8048089087732883,1.0,1.0,1.0,1.0,0.8048089087732883,1.2,0.6438471270186308,0.6438471270186308
2020-12-18,1.0,0.8363572405825376,1.0,1.0,1.0,1.0,0.8363572405825376,1.2,0.6690857924660298,0.6690857924660302
2020-12-21,1.0,0.8512042975391378,1.0,1.0,1.0,1.0,0.8512042975391378,1.2,0.6809634380313105,0.6809634380313104
2020-12-22,1.0,0.87387790575663,1.0,1.0,1.0,1.0,0.87387790575663,1.2,0.6991023246053042,0.6991023246053042
2020-12-23,1.0,0.911975045170054,1.0,1.0,1.0,1.0,0.911975045170054,1.2,0.7295800361360435,0.7295800361360434
2020-12-24,1.0,0.9587675378930695,1.0,1.0,1.0,1.0,0.9587675378930695,1.2,0.7670140303144559,0.7670140303144557
2020-12-28,1.0,0.9971916612454106,1.0,1.0,1.0,1.0,0.9971916612454106,1.2,0.7977533289963288,0.7977533289963287
2020-12-29,1.0,0.9818401040487851,1.0,1.0,1.0,1.0,0.9818401040487851,1.2,0.7854720832390283,0.7854720832390282
2020-12-30,1.0,1.0150591101592348,1.0,1.0,1.0,1.0,1.0150591101592348,1.2,0.8120472881273881,0.812047288127388
2020-12-31,1.0,1.0671431851794133,1.0,1.0,1.0,1.0,1.0671431851794133,1.2,0.8537145481435306,0.8537145481435308
2021-01-04,1.0,1.1014685516015232,1.0,1.0,1.0,1.0,1.1014685516015232,1.2,0.8811748412812186,0.8811748412812188
2021-01-05,1.0,0.8804577204868943,1.0,1.0,1.0,1.0,0.8804577204868943,1.2,0.7043661763895153,0.7043661763895156
2021-01-06,1.0,0.8891441074370907,1.0,1.0,1.0,1.0,0.8891441074370907,1.2,0.7113152859496723,0.7113152859496727
2021-01-07,1.0,0.9122003991833376,1.0,1.0,1.0,1.0,0.9122003991833376,1.2,0.7297603193466704,0.7297603193466702
2021-01-08,1.0,0.8169342388481677,1.0,1.0,1.0,1.0,0.8169342388481677,1.2,0.6535473910785343,0.6535473910785343
2021-01-11,1.0,0.8525250175645755,1.0,1.0,1.0,1.0,0.8525250175645755,1.2,0.6820200140516607,0.6820200140516606
2021-01-12,1.0,0.8270221234625948,1.0,1.0,1.0,1.0,0.8270221234625948,1.2,0.661617698770076,0.661617698770076
2021-01-13,1.0,0.8668524198247233,1.0,1.0,1.0,1.0,0.8668524198247233,1.2,0.6934819358597788,0.6934819358597788
2021-01-14,1.0,0.9107931191278221,1.0,1.0,1.0,1.0,0.9107931191278221,1.2,0.7286344953022575,0.7286344953022579
2021-01-15,1.0,0.9287671826077005,1.0,1.0,1.0,1.0,0.9287671826077005,1.2,0.7430137460861608,0.7430137460861606
2021-01-19,1.0,0.9039660146078422,1.0,1.0,1.0,1.0,0.9039660146078422,1.2,0.7231728116862738,0.7231728116862739
2021-01-20,1.0,0.902880902963525,1.0,1.0,1.0,1.0,0.902880902963525,1.2,0.7223047223708202,0.7223047223708201
2021-01-21,1.0,0.8251696890995621,1.0,1.0,1.0,1.0,0.8251696890995621,1.2,0.6601357512796499,0.6601357512796499
2021-01-22,1.0,0.8656289675918514,1.0,1.0,1.0,1.0,0.8656289675918514,1.2,0.6925031740734812,0.6925031740734813
2021-01-25,1.0,0.8815502644067185,1.0,1.0,1.0,1.0,0.8815502644067185,1.2,0.7052402115253749,0.7052402115253749
2021-01-26,1.0,0.9225974467979644,1.0,1.0,1.0,1.0,0.9225974467979644,1.2,0.7380779574383713,0.7380779574383717
2021-01-27,1.0,0.9570106142043244,1.0,1.0,1.0,1.0,0.9570106142043244,1.2,0.7656084913634592,0.7656084913634597
2021-01-28,1.0,0.6268836408743885,1.0,1.0,0.7,0.7,0.4388185486120719,1.2,0.5015069126995109,0.8306208241585649
2021-01-29,1.0,0.6317615520229738,1.0,1.0,0.7,0.7,0.4422330864160816,1.2,0.505409241618379,0.8370840564304404
2021-02-01,1.0,0.5599503846175071,1.0,1.0,0.7,0.7,0.39196526923225494,1.2,0.44796030769400563,0.741934259618197
2021-07-14,1.0,0.5222121017617367,1.0,1.0,0.7,0.7,0.36554847123321565,1.2,0.3942701368301111,0.7833181526426051
2021-07-15,1.0,1.1207016812829687,1.0,0.0,0.0,0.0,0.0,0.2,0.0896561345026375,0.0
2021-07-16,1.0,1.133595602215609,1.0,0.0,0.0,0.0,0.0,0.2,0.03400786806646827,0.0
2021-07-19,1.0,1.0609914695693696,1.0,0.0,0.0,0.0,0.0,0.2,0.031829744087081085,0.0
2021-07-20,1.0,0.8699645146562136,1.0,0.0,0.0,0.0,0.0,0.2,0.026098935439686406,0.0
2021-07-21,1.0,0.7573518414417444,1.0,0.0,0.0,0.0,0.0,0.2,0.0,0.0
2021-07-22,1.0,0.7634771867984795,1.0,0.0,0.0,0.0,0.0,0.2,0.0,0.0
2021-07-23,1.0,0.8020259802556743,1.0,0.0,0.0,0.0,0.0,0.2,0.0,0.0
2021-07-26,1.0,0.7913128655489609,1.0,0.0,0.0,0.0,0.0,0.2,0.0,0.0
2021-07-27,1.0,0.8317999018246638,1.0,0.0,0.0,0.0,0.0,0.2,0.0,0.0
2021-07-28,1.0,0.8427296864342387,1.0,0.0,0.0,0.0,0.0,0.2,0.0,0.0
2021-07-29,1.0,0.8832703900656014,1.0,0.0,0.0,0.0,0.0,0.2,0.0,0.0
2021-07-30,1.0,0.9210731884975712,1.0,0.0,0.0,0.0,0.0,0.2,0.0,0.0
2021-08-02,1.0,0.9285140749499846,1.0,0.0,0.0,0.0,0.0,0.2,0.0,0.0
2021-08-03,1.0,0.9665671441209899,1.0,0.0,0.0,0.0,0.0,0.2,0.0,0.0
2021-08-04,1.0,0.9548344870587138,1.0,0.0,0.0,0.0,0.0,0.2,0.0,0.0
2021-08-05,1.0,0.9612161824283364,1.0,0.0,0.0,0.0,0.0,0.2,0.0,0.0
2021-08-06,1.0,0.9757498613830368,1.0,0.0,0.0,0.0,0.0,0.2,0.0,0.0
2021-08-09,1.0,1.0256563090485877,1.0,0.0,0.0,0.0,0.0,0.2,0.0,0.0
2021-08-10,1.0,1.0718084531690766,1.0,0.0,1.0,1.0,1.0718084531690766,0.2,0.0,0.0
2021-08-11,1.0,1.1267826989145417,1.0,0.0,1.0,1.0,1.1267826989145417,0.2,0.0,0.0
2021-08-12,1.0,1.1811366233599816,1.0,0.0,1.0,1.0,1.1811366233599816,0.2,0.0,0.0
2021-08-13,1.0,1.2351946657535562,1.0,0.0,1.0,1.0,1.2351946657535562,0.2,0.0,0.0
2021-08-16,1.0,1.2981896841177845,1.0,0.0,1.0,1.0,1.2981896841177845,0.2,0.0,0.0
2021-08-17,1.0,1.3625008456958658,1.0,0.0,1.0,1.0,1.3625008456958658,0.2,0.0,1.090000676556693
2021-08-18,1.0,1.2524946381520603,1.0,0.0,1.0,1.0,1.2524946381520603,0.2,0.10019957105216484,1.0019957105216484
2021-08-19,1.0,1.0595427512674478,1.0,0.0,1.0,1.0,1.0595427512674478,0.2,0.08476342010139583,0.8476342010139584
2021-08-20,1.0,1.1083205023594702,1.0,0.0,1.0,1.0,1.1083205023594702,1.5,1.584898318374043,0.8866564018875763
2021-08-23,1.0,1.0616933760235125,1.0,1.0,0.7,0.7,0.7431853632164588,1.5,1.518221527713623,0.8493547008188101
2021-08-24,1.0,1.022886193968004,1.0,1.0,0.7,0.7,0.7160203357776028,1.5,1.4627272573742451,0.8183089551744034
2021-08-25,1.0,1.075321363918316,1.0,1.0,0.7,0.7,0.7527249547428211,1.5,1.5377095504031912,1.5000733026660507
2021-08-26,1.0,1.1297215940130703,1.0,1.0,0.7,0.7,0.7908051158091491,1.5,1.6155018794386902,1.575961623648233
2021-08-27,1.0,1.095413388536348,1.0,1.0,0.7,0.7,0.7667893719754435,1.5,1.5664411456069776,1.5281016770082054
2021-08-30,1.0,1.0503147587224457,1.0,1.0,0.7,0.7,0.7352203311057119,1.5,1.5019501049730972,1.4651890884178118
2021-08-31,1.0,1.0919530199103844,1.0,1.0,0.7,0.7,0.7643671139372691,1.5,1.56149281847185,1.5232744627749863
2021-09-01,1.0,1.1295663262457931,1.0,1.0,0.0,0.0,0.0,1.5,1.6152798465314846,1.5757450251128815
2021-09-02,1.0,1.1857101830857624,1.0,1.0,0.0,0.0,0.0,1.0,0.8892826373143217,0.9485681464686101
2021-09-03,1.0,1.2404860734954537,1.0,1.0,0.0,0.0,0.0,1.0,0.9303645551215908,0.9923888587963632
2021-09-07,1.0,1.2958627433832541,1.0,1.0,0.0,0.0,0.0,1.2,1.0366901947066034,1.0366901947066036
2021-09-08,1.0,1.2960033460015712,1.0,1.0,0.0,0.0,0.0,1.2,1.036802676801257,1.0368026768012573
2021-09-09,1.0,1.3494044493904367,1.0,1.0,0.0,0.0,0.0,1.2,1.0795235595123494,1.0795235595123496
2021-09-10,1.0,1.3434361160383128,1.0,1.0,0.0,0.0,0.0,1.2,1.0747488928306503,1.0747488928306506
2021-09-13,1.0,1.2380795974513885,1.0,1.0,0.0,0.0,0.0,1.2,0.990463677961111,1.727121038444687
2021-09-14,1.0,1.2782262287916775,1.0,1.0,0.0,0.0,0.0,1.2,1.022580983033342,1.78312558916439
2021-09-15,1.0,1.2755109192925196,1.0,0.0,0.0,0.0,0.0,0.2,0.10204087354340156,0.0
2021-09-16,1.0,1.1589468500233173,1.0,0.0,1.2000000000000002,1.2000000000000002,1.390736220027981,0.2,0.0927157480018654,0.0
2021-09-17,1.0,1.2123226293908698,1.0,0.0,0.0,0.0,0.0,0.2,0.09698581035126959,0.0
2021-09-20,1.0,1.0967592362606107,1.0,0.0,0.0,0.0,0.0,0.2,0.0,0.0
2021-09-21,1.0,0.871300197927455,1.0,0.0,0.0,0.0,0.0,0.2,0.0,0.0
2021-09-22,1.0,0.9140310668256306,1.0,0.0,0.0,0.0,0.0,0.2,0.0,0.0
2021-09-23,1.0,0.8405402584646683,1.0,0.0,0.0,0.0,0.0,0.2,0.0,0.0
2021-09-24,1.0,0.7702942932741461,1.0,0.0,0.0,0.0,0.0,0.2,0.0,0.0
2021-09-27,1.0,0.8083926762760294,1.0,0.0,0.0,0.0,0.0,0.2,0.0,0.0
2021-09-28,1.0,0.8431361713381209,1.0,0.0,0.0,0.0,0.0,0.2,0.0,0.0
2021-09-29,1.0,0.6746182152907159,1.0,1.0,0.0,0.0,0.0,0.2,0.0,0.0
2021-09-30,1.0,0.7039000792392474,1.0,0.0,0.0,0.0,0.0,0.2,0.0,0.0
2021-10-01,1.0,0.6927897972336949,1.0,0.0,0.0,0.0,0.0,0.2,0.0,0.0
2021-10-04,1.0,0.6501307204295886,1.0,0.0,0.0,0.0,0.0,0.2,0.0,0.0
2021-10-05,1.0,0.6387175028235286,1.0,0.0,0.0,0.0,0.0,0.2,0.0,0.0
2021-10-06,1.0,0.6214246152229985,1.0,0.0,0.3,0.3,0.18642738456689956,0.2,0.0,0.0
2021-10-07,1.0,0.6445730607562548,1.0,0.0,0.3,0.3,0.1933719182268764,0.2,0.0,0.0
2021-10-08,1.0,0.6489772356009758,1.0,0.0,0.3,0.3,0.1946931706802927,0.2,0.0,0.0
2021-10-11,1.0,0.680718902525157,1.0,0.0,0.3,0.3,0.2042156707575471,0.2,0.0,0.0
2021-10-12,1.0,0.6943475990827938,1.0,0.0,0.0,0.0,0.0,0.2,0.0,0.0
2021-10-13,1.0,0.7285062993794917,1.0,0.0,0.0,0.0,0.0,0.2,0.0,1.0927594490692376
2021-10-14,1.0,0.7560935664252071,1.0,0.0,0.0,0.0,0.0,0.2,0.0,1.1341403496378106
2021-10-15,1.0,0.6652029391797836,1.0,0.0,0.0,0.0,0.0,0.2,0.0,0.9978044087696754
2021-10-18,1.0,0.6839994078034816,1.0,0.0,0.0,0.0,0.0,1.0,0.3796196713309323,1.0259991117052223
2021-10-19,1.0,0.7185783200493443,1.0,0.0,0.0,0.0,0.0,0.2,0.0,0.0
2021-10-20,1.0,0.7396372458395613,1.0,0.0,0.0,0.0,0.0,0.2,0.022189117375186838,0.0
2021-10-21,1.0,0.7765090170076617,1.0,0.0,0.0,0.0,0.0,0.2,0.02329527051022985,0.0
2021-10-22,1.0,0.8163548375537537,1.0,0.0,0.0,0.0,0.0,0.2,0.024490645126612608,0.0
2021-10-25,1.0,0.8486514927061666,1.0,0.0,1.0,1.0,0.8486514927061666,0.2,0.06789211941649334,0.0
2021-10-26,1.0,0.8846281760355453,1.0,0.0,1.0,1.0,0.8846281760355453,0.2,0.07077025408284363,0.0
2021-10-27,1.0,0.927433384758775,1.0,0.0,1.0,1.0,0.927433384758775,0.2,0.07419467078070201,0.0
2021-10-28,1.0,0.9288015423030088,1.0,0.0,1.0,1.0,0.9288015423030088,0.2,0.07430412338424071,0.0
2021-10-29,1.0,0.91642474556134,1.0,0.0,1.0,1.0,0.91642474556134,0.2,0.0733139796449072,0.0
2021-11-01,1.0,0.9632056800130074,1.0,0.0,0.0,0.0,0.0,0.2,0.0770564544010406,0.0
2021-11-02,1.0,1.0119609398588114,1.0,0.0,0.0,0.0,0.0,0.2,0.08095687518870491,0.0
2021-11-03,1.0,1.060198455499329,1.0,0.0,0.0,0.0,0.0,0.2,0.08481587643994631,0.0
2021-11-04,1.0,1.0952024831091196,1.0,0.0,0.0,0.0,0.0,0.2,0.08761619864872958,0.0
2021-11-05,1.0,1.145684626919814,1.0,0.0,0.0,0.0,0.0,0.2,0.09165477015358511,0.0
2021-11-08,1.0,1.2041540325876425,1.0,0.0,0.0,0.0,0.0,0.2,0.09633232260701141,0.0
2021-11-09,1.0,1.2543399960689718,1.0,0.0,0.0,0.0,0.0,0.2,0.10034719968551775,1.0034719968551777
2021-11-10,1.0,1.2282717927780193,1.0,0.0,0.0,0.0,0.0,0.2,0.09826174342224156,0.9826174342224157
2021-11-11,1.0,1.0882407645784198,1.0,0.0,0.0,0.0,0.0,0.2,0.08705926116627358,0.870592611662736
2021-11-12,1.0,1.1424004234508598,1.0,0.0,0.7,0.7,0.7996802964156018,1.0,0.7254242688912961,0.913920338760688
2021-11-15,1.0,1.1288823759311,1.0,1.0,0.7,0.7,0.7902176631517699,1.2,0.9031059007448798,0.9031059007448802
2021-11-16,1.0,1.1826392009982274,1.0,1.0,0.7,0.7,0.8278474406987592,1.2,0.946111360798582,0.946111360798582
2021-11-17,1.0,1.2321141436169956,1.0,1.0,0.7,0.7,0.8624799005318968,1.2,0.9856913148935964,0.9856913148935966
2021-11-18,1.0,1.251155828897854,1.0,1.0,0.7,0.7,0.8758090802284977,1.2,1.000924663118283,1.0009246631182833
2021-11-19,1.0,1.305982566089673,1.0,1.0,0.7,0.7,0.9141877962627709,1.2,1.0447860528717388,1.0447860528717385
2021-11-22,1.0,1.3389463581482117,1.0,1.0,0.7,0.7,0.9372624507037481,1.2,1.0711570865185691,1.0711570865185696
2021-11-23,1.0,1.3556500648591867,1.0,1.0,0.7,0.7,0.9489550454014306,1.2,1.0845200518873492,1.0845200518873497
2021-11-24,1.0,1.424733305641219,1.0,1.0,0.7,0.7,0.9973133139488533,1.2,1.139786644512975,1.1397866445129754
2021-11-26,1.0,1.4870013502315098,1.0,1.0,1.0,1.0,1.4870013502315098,1.2,1.1896010801852082,1.1896010801852082
2021-11-29,1.0,0.7748590338467141,1.0,1.0,0.0,0.0,0.0,0.2,0.0,0.0
2021-11-30,1.0,0.7226735520943084,1.0,1.2,0.0,0.0,0.0,1.3,0.0,0.0
2021-12-01,1.0,0.6185193229293932,1.0,1.2,0.0,0.0,0.0,0.2,0.0,0.0
2021-12-02,1.0,0.6240611895024136,1.0,1.2,0.0,0.0,0.0,0.2,0.0,0.0
2022-05-09,1.0,0.5720590269037347,1.0,1.2,0.0,0.0,0.0,0.2,0.0,0.0
2022-05-10,1.0,0.29748172811228435,1.0,0.0,0.0,0.0,0.0,0.2,0.0,0.0
2022-05-11,1.0,0.3101749857970846,1.0,0.0,0.0,0.0,0.0,0.2,0.0,0.0
2022-05-12,1.0,0.321897521025647,1.0,0.0,0.0,0.0,0.0,0.2,0.0,0.0
2022-05-13,1.0,0.33711068673588873,1.0,0.0,0.0,0.0,0.0,0.2,0.0,0.0
2022-05-16,1.0,0.3162006971781455,1.0,0.0,0.0,0.0,0.0,0.2,0.0,0.0
2022-05-17,1.0,0.33238991602477946,1.0,0.0,0.0,0.0,0.0,0.2,0.0,0.0
2022-05-18,1.0,0.32475082996876564,1.0,0.0,0.0,0.0,0.0,0.2,0.0,0.0
2022-05-19,1.0,0.28723443764959156,1.0,0.0,0.0,0.0,0.0,0.2,0.0,0.0
2022-05-20,1.0,0.3019096781361876,1.0,0.0,0.0,0.0,0.0,0.2,0.0,0.0
2022-05-23,1.0,0.3163923302361132,1.0,0.0,0.0,0.0,0.0,0.2,0.0,0.0
2022-05-24,1.0,0.31232282131352174,1.0,0.0,0.0,0.0,0.0,0.2,0.0,0.0
2022-05-25,1.0,0.32713373333182927,1.0,0.0,0.0,0.0,0.0,0.2,0.0,0.0
2022-05-26,1.0,0.3379374332654191,1.0,0.0,0.0,0.0,0.0,0.2,0.0,0.0
2022-05-27,1.0,0.33363677240680795,1.0,0.0,0.0,0.0,0.0,0.2,0.0,0.0
2022-05-31,1.0,0.3252748566799241,1.0,0.0,0.0,0.0,0.0,0.2,0.0,0.0
2022-06-01,1.0,0.33879431351076356,1.0,0.0,0.0,0.0,0.0,0.2,0.0,0.0
2022-06-02,1.0,0.3510575707412287,1.0,0.0,0.0,0.0,0.0,0.2,0.0,0.0
2022-06-03,1.0,0.3517159194862692,1.0,0.0,0.0,0.0,0.0,0.2,0.0,0.0
2022-06-06,1.0,0.35024160793762654,1.0,0.0,0.0,0.0,0.0,0.2,0.0,0.0
2022-06-07,1.0,0.3679553773415264,1.0,0.0,0.0,0.0,0.0,0.2,0.0,0.0
2022-06-08,1.0,0.3821701928006028,1.0,0.0,0.0,0.0,0.0,0.2,0.0,0.0
2022-06-09,1.0,0.39016857049181114,1.0,0.0,0.0,0.0,0.0,0.2,0.0,0.0
2022-06-10,1.0,0.369762784404806,1.0,0.0,0.0,0.0,0.0,0.2,0.0,0.0
2022-06-13,1.0,0.34649051881000714,1.0,0.0,0.0,0.0,0.0,0.2,0.0,0.0
2022-06-14,1.0,0.3140778032109223,1.0,0.0,0.0,0.0,0.0,0.2,0.0,0.0
2022-06-15,1.0,0.3293890654968269,1.0,0.0,0.0,0.0,0.0,0.2,0.0,0.0
2022-06-16,1.0,0.326613522717442,1.0,0.0,0.0,0.0,0.0,0.2,0.0,0.0
2022-06-17,1.0,0.31180053115756806,1.0,0.0,0.0,0.0,0.0,0.2,0.0,0.0
2022-06-21,1.0,0.32397906422778444,1.0,0.0,0.0,0.0,0.0,0.2,0.0,0.0
2022-06-22,1.0,0.3022342166508529,1.0,0.0,0.0,0.0,0.0,0.2,0.0,0.0
2022-06-23,1.0,0.3176131171871105,1.0,0.0,0.0,0.0,0.0,0.2,0.0,0.0
2022-06-24,1.0,0.32660757519299977,1.0,0.0,0.0,0.0,0.0,0.2,0.0,0.0
2022-06-27,1.0,0.29973428409910585,1.0,0.0,0.0,0.0,0.0,0.2,0.0,0.0
2022-06-28,1.0,0.31429035192035293,1.0,0.0,0.3,0.3,0.09428710557610588,0.2,0.0,0.0
2022-06-29,1.0,0.31366102124157963,1.0,0.0,0.3,0.3,0.09409830637247389,0.2,0.0,0.0
2022-06-30,1.0,0.32973928973440336,1.0,0.0,0.0,0.0,0.0,0.2,0.0,0.0
2022-07-01,1.0,0.34452763048042945,1.0,0.0,0.0,0.0,0.0,0.2,0.0,0.0
2022-07-05,1.0,0.35385841988295147,1.0,0.0,0.0,0.0,0.0,0.2,0.0,0.0
2022-07-06,1.0,0.371579355433883,1.0,0.0,0.0,0.0,0.0,0.2,0.0,0.0
2022-07-07,1.0,0.38958438447570193,1.0,0.0,0.0,0.0,0.0,0.2,0.0,0.0
2022-07-08,1.0,0.39259892809644176,1.0,0.0,0.0,0.0,0.0,0.2,0.0,0.0
2022-07-11,1.0,0.41240280601633317,1.0,0.0,0.0,0.0,0.0,0.2,0.0,0.0
2022-07-12,1.0,0.4197695217091034,1.0,0.0,0.0,0.0,0.0,0.2,0.0,0.0
2022-07-13,1.0,0.434046212094897,1.0,0.0,0.0,0.0,0.0,0.2,0.0,0.0
2022-07-14,1.0,0.4543423938729741,1.0,0.0,0.0,0.0,0.0,0.2,0.0,0.6338076394527988
2022-07-15,1.0,0.4775197035758549,1.0,1.0,0.0,0.0,0.0,0.2,0.0,0.6661399864883175
2022-07-18,1.0,0.45009310448137235,1.0,1.0,0.7,0.7,0.31506517313696064,0.2,0.24980167298716158,0.6751396567220586
2022-07-19,1.0,0.46420495542800005,1.0,1.0,0.7,0.7,0.3249434687996,1.0,0.6266766898277998,0.696307433142
2022-07-20,1.0,0.41131219007908026,1.0,1.0,0.7,0.7,0.28791853305535614,1.2,0.5881764318130848,0.6169682851186205
2022-07-21,1.0,0.4308607752947791,1.0,1.0,0.7,0.7,0.30160254270634534,1.2,0.616130908671534,0.6462911629421687
2022-07-22,1.0,0.447057836931331,1.0,1.0,0.7,0.7,0.3129404858519317,1.2,0.6392927068118033,0.40458734242285455
2022-07-25,1.0,0.4521055819902661,1.0,1.0,0.7,0.7,0.31647390739318626,1.2,0.6465109822460803,0.40915555170119083
2022-07-26,1.0,0.4751953888250627,1.0,1.0,0.7,0.7,0.33263677217754384,1.2,0.6795294060198397,0.3801563110600502
2022-07-27,1.0,0.4741243783308487,1.0,1.0,0.7,0.7,0.3318870648315941,1.2,0.6779978610131138,0.37929950266467904
2022-07-28,1.0,0.4272348293487988,1.0,1.0,0.7,0.7,0.2990643805441591,1.2,0.6109458059687823,0.3417878634790391
2022-07-29,1.0,0.4402909170944375,1.0,1.0,0.7,0.7,0.3082036419661062,1.2,0.6296160114450453,0.3522327336755501
2022-08-01,1.0,0.4507954366972319,1.0,1.0,0.7,0.7,0.31555680568806227,1.2,0.2862551023027423,0.6288596341926385
2022-08-02,1.0,0.466313174851989,1.0,1.0,0.7,0.7,0.32641922239639226,1.0,0.296108866031013,0.6505068789185247
2022-08-03,1.0,0.47503472123229745,1.0,1.0,0.7,0.7,0.3325243048626082,1.0,0.30164704798250896,0.7125520818484462
2022-08-04,1.0,0.4788288566221381,1.0,1.0,1.0,1.0,0.4788288566221381,1.2,0.3830630852977104,0.7182432849332071
2022-08-05,1.0,0.4996419805334895,1.0,1.0,1.0,1.0,0.4996419805334895,1.2,0.3997135844267916,0.7494629708002343
2022-08-08,1.0,0.5201012327536934,1.0,1.0,1.0,1.0,0.5201012327536934,1.2,0.41608098620295475,0.78015184913054
2022-08-09,1.0,0.5429325036404447,1.0,1.0,1.0,1.0,0.5429325036404447,1.2,0.43434600291235564,0.4913539157946024
2022-08-10,1.0,0.5608142942113907,1.0,1.0,1.0,1.0,0.5608142942113907,1.2,0.4486514353691125,0.5075369362613086
2022-08-11,1.0,0.5216119043400098,1.0,1.0,1.0,1.0,0.5216119043400098,1.2,0.41728952347200804,0.41728952347200793
2022-08-12,1.0,0.5452507467484868,1.0,1.0,1.0,1.0,0.5452507467484868,1.2,0.43620059739878947,0.4362005973987896
2022-08-15,1.0,0.5389126895329095,1.0,1.0,1.0,1.0,0.5389126895329095,1.2,0.4311301516263277,0.4311301516263277
2022-08-16,1.0,0.5664201089992091,1.0,1.0,1.0,1.0,0.5664201089992091,1.2,0.4531360871993673,0.4531360871993674
2022-08-17,1.0,0.593435317178373,1.0,1.0,1.0,1.0,0.593435317178373,1.2,0.4747482537426981,0.47474825374269847
2022-08-18,1.0,0.5890425469894953,1.0,1.0,1.0,1.0,0.5890425469894953,1.2,0.4712340375915963,0.4712340375915963
2022-08-19,1.0,0.6191772992603747,1.0,1.0,1.0,1.0,0.6191772992603747,1.2,0.49534183940829984,0.49534183940829984
2022-08-22,1.0,0.5763374307589364,1.0,1.0,0.7,0.7,0.4034362015312555,1.2,0.4610699446071491,0.46106994460714923
2022-08-23,1.0,0.506606899930322,1.0,1.0,0.7,0.7,0.3546248299512254,1.2,0.40528551994425766,0.4052855199442577
2022-08-24,1.0,0.5318518852345643,1.0,1.0,0.7,0.7,0.37229631966419496,1.2,0.4254815081876514,0.0
2022-08-25,1.0,0.5563836726929574,1.0,1.0,0.0,0.0,0.0,0.2,0.44510693815436586,0.0
2022-08-26,1.0,0.5431603160806313,1.0,1.0,0.0,0.0,0.0,0.2,0.43452825286450486,0.0
2022-08-29,1.0,0.412657701374423,1.0,1.0,0.0,0.0,0.0,0.2,0.0,0.0
2022-08-30,1.0,0.43198686886985227,1.0,1.0,0.0,0.0,0.0,0.2,0.0,0.0
2022-08-31,1.0,0.446778890286002,1.0,1.0,0.0,0.0,0.0,0.2,0.0,0.0
2022-09-01,1.0,0.4675966608835004,1.0,1.0,0.0,0.0,0.0,0.2,0.0,0.0
2022-09-02,1.0,0.4852231306342613,1.0,1.0,0.0,0.0,0.0,0.2,0.0,0.0
2022-09-06,1.0,0.5019593904115218,1.0,1.0,0.0,0.0,0.0,0.2,0.0,0.0
2022-09-07,1.0,0.5277169326820393,1.0,1.0,0.0,0.0,0.0,0.2,0.0,0.0
2022-09-08,1.0,0.4803590324269948,1.0,1.0,0.0,0.0,0.0,0.2,0.0,0.0
2022-09-09,1.0,0.49520267877994784,1.0,1.0,0.0,0.0,0.0,0.2,0.0,0.0
2022-09-12,1.0,0.481611726707449,1.0,1.0,0.0,0.0,0.0,0.2,0.0,0.0
2022-09-13,1.0,0.49174363748137123,1.0,1.0,1.5,1.5,0.7376154562220568,0.2,0.0,0.0
2022-09-14,1.0,0.3453896740072447,1.0,1.0,0.0,0.0,0.0,0.2,0.0,0.0
2022-09-15,1.0,0.3608027871702011,1.0,1.0,0.0,0.0,0.0,0.2,0.0,0.0
2022-09-16,1.0,0.37407756766235206,1.0,1.0,0.0,0.0,0.0,0.2,0.0,0.0
2022-09-19,1.0,0.39177534835824923,1.0,1.0,0.0,0.0,0.0,0.2,0.0,0.0
2022-09-20,1.0,0.4022596946460296,1.0,1.0,0.0,0.0,0.0,0.2,0.0,0.0
2022-09-21,1.0,0.4158819556114275,1.0,1.0,0.0,0.0,0.0,0.2,0.0,0.0
2022-09-22,1.0,0.41909559644796396,1.0,1.0,0.0,0.0,0.0,0.2,0.0,0.0
2022-09-23,1.0,0.43917958989190514,1.0,1.0,0.0,0.0,0.0,0.2,0.0,0.0
2022-09-26,1.0,0.4467731578243786,1.0,1.0,0.0,0.0,0.0,0.2,0.0,0.0
2022-09-27,1.0,0.4679746909973824,1.0,0.0,0.0,0.0,0.0,0.2,0.0,0.0
2022-09-28,1.0,0.48995527362879593,1.0,0.0,0.0,0.0,0.0,0.2,0.0,0.0
2022-09-29,1.0,0.43506906032469067,1.0,0.0,0.0,0.0,0.0,0.2,0.0,0.0
2022-09-30,1.0,0.4278687310731225,1.0,0.0,0.0,0.0,0.0,0.2,0.0,0.0
2022-10-03,1.0,0.43936245947542474,1.0,0.0,0.0,0.0,0.0,0.2,0.0,0.0
2022-10-04,1.0,0.3747558618371447,1.0,0.0,0.0,0.0,0.0,0.2,0.0,0.0
2022-10-05,1.0,0.33147568489615,1.0,0.0,0.0,0.0,0.0,0.2,0.0,0.0
2022-10-06,1.0,0.3481939095816733,1.0,0.0,0.0,0.0,0.0,0.2,0.0,0.0
2023-03-07,1.0,0.36035373265752063,1.0,0.0,0.0,0.0,0.0,0.2,0.0,0.0
2023-03-08,1.0,0.615431715430083,1.0,0.0,0.7,0.7,0.4308022008010581,0.2,0.0,0.0
2023-03-09,1.0,0.6450885565245882,1.0,0.0,0.7,0.7,0.4515619895672117,0.2,0.0,0.0
2023-03-10,1.0,0.5872072552078976,1.0,0.0,0.7,0.7,0.4110450786455283,0.2,0.0,0.0
2023-03-13,1.0,0.5813569739695412,1.0,0.0,0.7,0.7,0.40694988177867886,0.2,0.0,0.0
2023-03-14,1.0,0.6100922685946498,1.0,0.0,0.7,0.7,0.42706458801625485,0.2,0.0,0.0
2023-03-15,1.0,0.5481584205180445,1.0,0.0,0.7,0.7,0.38371089436263117,0.2,0.0,0.8222376307770668
2023-03-16,1.0,0.5711924698767437,1.0,0.0,0.7,0.7,0.3998347289137205,0.2,0.0,0.8567887048151155
2023-03-17,1.0,0.5245958912369041,1.0,0.0,0.7,0.7,0.36721712386583283,0.2,0.0,0.7868938368553562
2023-03-20,1.0,0.5270777816190239,1.0,0.0,0.7,0.7,0.36895444713331665,1.0,0.29252816879855836,0.7906166724285357
2023-03-21,1.0,0.5329747496554519,1.0,1.0,0.7,0.7,0.3730823247588163,1.0,0.29580098605877575,0.7994621244831779
2023-03-22,1.0,0.5281319451706982,1.0,1.0,1.0,1.0,0.5281319451706982,1.2,0.42250555613655844,0.7921979177560472
2023-03-23,1.0,0.49991250481119215,1.0,1.0,1.0,1.0,0.49991250481119215,1.2,0.3999300038489536,0.7498687572167883
2023-03-24,1.0,0.5237919054427722,1.0,1.0,1.0,1.0,0.5237919054427722,1.2,0.4190335243542177,0.7856878581641583
2023-03-27,1.0,0.5419931009545071,1.0,1.0,1.0,1.0,0.5419931009545071,1.2,0.4335944807636059,0.8129896514317607
2023-03-28,1.0,0.5693414825438211,1.0,1.0,1.0,1.0,0.5693414825438211,1.2,0.45547318603505704,0.8540122238157317
2023-03-29,1.0,0.5966806016356582,1.0,1.0,1.0,1.0,0.5966806016356582,1.2,0.47734448130852664,0.8950209024534872
2023-03-30,1.0,0.5767042228423801,1.0,1.0,1.0,1.0,0.5767042228423801,1.2,0.461363378273904,0.8650563342635702
2023-03-31,1.0,0.6017883425301724,1.0,1.0,1.0,1.0,0.6017883425301724,1.2,0.481430674024138,0.48143067402413803
2023-04-03,1.0,0.5943135649077708,1.0,1.0,1.0,1.0,0.5943135649077708,1.2,0.4754508519262169,0.4754508519262167
2023-04-04,1.0,0.6246985492320527,1.0,1.0,1.0,1.0,0.6246985492320527,1.2,0.499758839385642,0.49975883938564225
2023-04-05,1.0,0.6331124673849012,1.0,1.0,1.0,1.0,0.6331124673849012,1.2,0.506489973907921,0.506489973907921
2023-04-06,1.0,0.6572728282949841,1.0,1.0,1.0,1.0,0.6572728282949841,1.2,0.5258182626359871,0.5258182626359874
2023-04-10,1.0,0.6895285459487841,1.0,1.0,1.0,1.0,0.6895285459487841,1.2,0.5516228367590272,0.5516228367590273
2023-04-11,1.0,0.7244004355490085,1.0,1.0,1.0,1.0,0.7244004355490085,1.2,0.5795203484392067,0.5795203484392069
2023-04-12,1.0,0.7600518288190581,1.0,1.0,1.0,1.0,0.7600518288190581,1.2,0.6080414630552463,0.6080414630552465
2023-04-13,1.0,0.7793852738116192,1.0,1.0,1.0,1.0,0.7793852738116192,1.2,0.6235082190492953,0.6235082190492954
2023-04-14,1.0,0.7414801483432666,1.0,1.0,1.0,1.0,0.7414801483432666,1.2,0.5931841186746135,0.5931841186746134
2023-04-17,1.0,0.7670277138912662,1.0,1.0,1.0,1.0,0.7670277138912662,1.2,0.613622171113013,0.6136221711130131
2023-04-18,1.0,0.804799855859884,1.0,1.0,1.0,1.0,0.804799855859884,1.2,0.643839884687907,0.6438398846879073
2023-04-19,1.0,0.8446240874307545,1.0,1.0,1.0,1.0,0.8446240874307545,1.2,0.6756992699446035,0.6756992699446037
2023-04-20,1.0,0.8843135957989415,1.0,1.0,1.0,1.0,0.8843135957989415,1.2,0.7074508766391534,0.7074508766391534
2023-04-21,1.0,0.8851445206013625,1.0,1.0,1.0,1.0,0.8851445206013625,1.2,0.7081156164810898,0.7081156164810901
2023-04-24,1.0,0.9304801298033734,1.0,1.0,1.0,1.0,0.9304801298033734,1.2,0.7443841038426985,0.7443841038426988
2023-04-25,1.0,0.9782275824470812,1.0,1.0,1.0,1.0,0.9782275824470812,1.2,0.7825820659576652,0.7825820659576651
2023-04-26,1.0,0.790498835263666,1.0,1.0,0.7,0.7,0.5533491846845662,1.2,0.6323990682109331,0.632399068210933
2023-04-27,1.0,0.8223401257908786,1.0,1.0,0.7,0.7,0.5756380880536149,1.2,0.6578721006327031,1.2335101886863178
2023-04-28,1.0,0.6553264673616703,1.0,1.0,0.7,0.7,0.4587285271531692,1.2,0.5242611738893361,0.9829897010425055
2023-05-01,1.0,0.6690389007467399,1.0,1.0,0.7,0.7,0.4683272305227179,1.2,0.5352311205973919,1.0035583511201098
2023-05-02,1.0,0.7002884179299812,1.0,1.0,0.7,0.7,0.4902018925509868,1.2,0.5602307343439852,1.0504326268949717
2023-05-03,1.0,0.6716299422285332,1.0,1.0,0.7,0.7,0.4701409595599732,1.2,0.5373039537828266,1.0074449133427998
2023-05-04,1.0,0.6862969629331296,1.0,1.0,0.7,0.7,0.4804078740531907,1.2,0.5490375703465038,1.0294454443996943
2023-05-05,1.0,0.7029688433304861,1.0,1.0,0.7,0.7,0.49207819033134026,1.2,0.562375074664389,0.5623750746643891
2023-05-08,1.0,0.6082642815430616,1.0,1.0,0.7,0.7,0.42578499708014306,1.2,0.48661142523444917,0.48661142523444934
2023-05-09,1.0,0.6393785179459446,1.0,1.0,1.0,1.0,0.6393785179459446,1.2,0.5115028143567557,0.5115028143567557
2023-05-10,1.0,0.6630908197444613,1.0,1.0,1.0,1.0,0.6630908197444613,1.2,0.5304726557955688,0.5304726557955691
2023-05-11,1.0,0.6898119567363373,1.0,1.0,1.0,1.0,0.6898119567363373,1.2,0.5518495653890698,0.5518495653890699
2023-05-12,1.0,0.7225959833504054,1.0,1.0,1.0,1.0,0.7225959833504054,1.2,0.5780767866803243,0.5780767866803245
2023-05-15,1.0,0.7580801178811,1.0,1.0,1.0,1.0,0.7580801178811,1.2,0.6064640943048799,0.6064640943048801
2023-05-16,1.0,0.7913276876630082,1.0,1.0,1.0,1.0,0.7913276876630082,1.2,0.6330621501304066,0.6330621501304067
2023-05-17,1.0,0.7990337679189256,1.0,1.0,1.0,1.0,0.7990337679189256,1.2,0.6392270143351406,0.6392270143351406
2023-05-18,1.0,0.7540337464394468,1.0,1.0,1.0,1.0,0.7540337464394468,1.2,0.6032269971515574,0.6032269971515575
2023-05-19,1.0,0.7540694612409654,1.0,1.0,1.0,1.0,0.7540694612409654,1.2,0.6032555689927721,0.6032555689927724
2023-05-22,1.0,0.7864630864958355,1.0,1.0,1.0,1.0,0.7864630864958355,1.2,0.6291704691966687,0.6291704691966685
2023-05-23,1.0,0.8259426399240213,1.0,1.0,1.0,1.0,0.8259426399240213,1.2,0.6607541119392172,0.6607541119392172
2023-05-24,1.0,0.7683124530318083,1.0,1.0,0.0,0.0,0.0,1.2,0.5762343397738562,0.6146499624254468
2023-05-25,1.0,0.7758633958357467,1.0,0.0,0.0,0.0,0.0,0.2,0.023275901875072398,0.0
2023-05-26,1.0,0.7685164448284686,1.0,0.0,0.0,0.0,0.0,0.2,0.023055493344854055,0.0
2023-05-30,1.0,0.7271109149737149,1.0,0.0,0.0,0.0,0.0,0.2,0.021813327449211446,0.0
2023-05-31,1.0,0.7636617676403153,1.0,0.0,0.0,0.0,0.0,0.2,0.02290985302920946,0.0
2023-06-01,1.0,0.7751133210187404,1.0,0.0,0.0,0.0,0.0,0.2,0.02325339963056221,0.0
2023-06-02,1.0,0.7719030236730833,1.0,0.0,0.0,0.0,0.0,0.2,0.06175224189384667,0.0
2023-06-05,1.0,0.7266266017396892,1.0,0.0,0.0,0.0,0.0,0.2,0.05813012813917514,0.5813012813917514
2023-06-06,1.0,0.7525282157609341,1.0,0.0,0.0,0.0,0.0,0.2,0.060202257260874734,0.6020225726087474
2023-06-07,1.0,0.7911138221003132,1.0,0.0,1.0,1.0,0.7911138221003132,0.2,0.06328910576802507,0.6328910576802507
2023-06-08,1.0,0.8101185693568678,1.0,0.0,1.0,1.0,0.8101185693568678,1.2,0.6480948554854943,0.6480948554854944
2023-06-09,1.0,0.8393985446039199,1.0,1.0,1.0,1.0,0.8393985446039199,1.2,0.671518835683136,0.6715188356831361
2023-06-12,1.0,0.8823217566357613,1.0,1.0,1.0,1.0,0.8823217566357613,1.2,0.7058574053086093,0.7058574053086092
2023-06-13,1.0,0.8872036922779392,1.0,1.0,1.0,1.0,0.8872036922779392,1.2,0.7097629538223517,0.7097629538223514
2023-06-14,1.0,0.919975482307604,1.0,1.0,1.0,1.0,0.919975482307604,1.2,0.7359803858460834,0.7359803858460833
2023-06-15,1.0,0.9630252758189703,1.0,1.0,1.0,1.0,0.9630252758189703,1.2,0.770420220655176,0.7704202206551765
2023-06-16,1.0,0.9217613265285781,1.0,1.0,1.0,1.0,0.9217613265285781,1.2,0.7374090612228626,0.7374090612228626
2023-06-20,1.0,0.9178354639693643,1.0,1.0,1.0,1.0,0.9178354639693643,1.2,0.7342683711754918,0.7342683711754916
2023-06-21,1.0,0.8997827846740263,1.0,1.0,1.0,1.0,0.8997827846740263,1.2,0.7198262277392209,0.7198262277392211
2023-06-22,1.0,0.89542227942241,1.0,1.0,1.0,1.0,0.89542227942241,1.2,0.7163378235379283,0.7163378235379282
2023-06-23,1.0,0.9378832452362708,1.0,1.0,1.0,1.0,0.9378832452362708,1.2,0.7503065961890166,0.7503065961890167
2023-06-26,1.0,0.90093333438808,1.0,1.0,0.7,0.7,0.6306533340716559,1.2,0.7207466675104643,0.7207466675104641
2023-06-27,1.0,0.9232233700917879,1.0,1.0,0.7,0.7,0.6462563590642515,1.2,0.7385786960734304,0.7385786960734304
2023-06-28,1.0,0.873024618774885,1.0,1.0,0.7,0.7,0.6111172331424195,1.2,0.6984196950199079,0.6984196950199082
2023-06-29,1.0,0.9169653341984957,1.0,1.0,0.7,0.7,0.6418757339389469,1.2,0.7335722673587968,0.7335722673587967
2023-06-30,1.0,0.9574580197214605,1.0,1.0,0.7,0.7,0.6702206138050223,1.2,0.7659664157771682,0.7659664157771685
2023-07-03,1.0,0.9042590240590543,1.0,1.0,0.7,0.7,0.632981316841338,1.2,0.7234072192472438,0.7234072192472436
2023-07-05,1.0,0.9485846767442809,1.0,1.0,0.7,0.7,0.6640092737209966,1.2,0.758867741395425,0.7588677413954249
2023-07-06,1.0,0.9799866837586388,1.0,1.0,0.7,0.7,0.6859906786310471,1.2,0.7839893470069108,0.7839893470069113
2023-07-07,1.0,0.9256392624632597,1.0,1.0,0.7,0.7,0.6479474837242817,1.2,0.740511409970608,0.7405114099706078
2023-07-10,1.0,0.9592468903770331,1.0,1.0,1.0,1.0,0.9592468903770331,1.2,0.7673975123016263,0.7673975123016267
2023-07-11,1.0,1.0049645318071019,1.0,1.0,1.0,1.0,1.0049645318071019,1.2,0.8039716254456815,0.8039716254456817
2023-07-12,1.0,1.019212140877261,1.0,1.0,1.0,1.0,1.019212140877261,1.2,0.8153697127018089,0.8153697127018089
2023-07-13,1.0,1.015552292496715,1.0,1.0,1.0,1.0,1.015552292496715,1.2,0.812441833997372,0.8124418339973722
2023-07-14,1.0,1.0232542665600837,1.0,1.0,1.0,1.0,1.0232542665600837,1.2,0.8186034132480667,0.8186034132480671
2023-07-17,1.0,1.0607645437061637,1.0,1.0,1.0,1.0,1.0607645437061637,1.2,0.848611634964931,0.8486116349649311
2023-07-18,1.0,1.1131914937444092,1.0,1.0,1.0,1.0,1.1131914937444092,1.2,0.8905531949955275,0.8905531949955275
2023-07-19,1.0,1.1274121201101466,1.0,1.0,1.0,1.0,1.1274121201101466,1.2,0.9019296960881176,0.9019296960881175
2023-07-20,1.0,1.1843250016326712,1.0,1.0,1.0,1.0,1.1843250016326712,1.2,0.947460001306137,0.9474600013061372
2023-07-21,1.0,1.0839573960505848,1.0,1.0,1.0,1.0,1.0839573960505848,1.2,0.8671659168404682,0.8671659168404681
2023-07-24,1.0,1.1331650992268427,1.0,1.0,1.0,1.0,1.1331650992268427,1.2,0.9065320793814742,0.9065320793814744
2023-07-25,1.0,1.1774976285749021,1.0,1.0,1.0,1.0,1.1774976285749021,1.2,0.9419981028599217,0.9419981028599219
2023-07-26,1.0,1.236848674869411,1.0,1.0,1.0,1.0,1.236848674869411,1.2,0.9894789398955289,0.9894789398955289
2023-07-27,1.0,1.2909643900765932,1.0,1.0,1.0,1.0,1.2909643900765932,1.2,1.0327715120612742,1.0327715120612748
2023-07-28,1.0,1.1871706357358272,1.0,1.0,1.0,1.0,1.1871706357358272,1.2,0.9497365085886618,0.9497365085886619
2023-07-31,1.0,1.1078619842353683,1.0,1.0,1.0,1.0,1.1078619842353683,1.2,0.8862895873882944,0.8862895873882948
2023-08-01,1.0,1.164711185314887,1.0,1.0,1.0,1.0,1.164711185314887,1.2,0.9317689482519095,0.9317689482519098
2023-08-02,1.0,1.1791189399180737,1.0,1.0,1.0,1.0,1.1791189399180737,1.2,0.9432951519344591,0.9432951519344591
2023-08-03,1.0,0.9162288289962268,1.0,1.0,0.7,0.7,0.6413601802973588,1.2,0.7329830631969813,0.7329830631969816
2023-08-04,1.0,0.9549552237536199,1.0,1.0,0.7,0.7,0.6684686566275339,1.2,0.7639641790028958,1.4324328356304297
2023-08-07,1.0,0.9836859856902259,1.0,1.0,0.7,0.7,0.6885801899831581,1.2,0.8558068075504967,1.475528978535339
2023-08-08,1.0,0.9377393724581271,1.0,1.0,0.7,0.7,0.6564175607206889,1.2,0.8158332540385704,1.4066090586871907
2023-08-09,1.0,0.9637722274915083,1.0,1.0,0.7,0.7,0.6746405592440557,1.2,0.8384818379176122,1.4456583412372623
2023-08-10,1.0,0.9668587557251225,1.0,1.0,0.7,0.7,0.6768011290075857,1.2,0.8411671174808564,1.4502881335876836
2023-08-11,1.0,1.0147759619565346,1.0,1.0,0.7,0.7,0.7103431733695742,1.2,0.8828550869021855,1.522163942934802
2024-01-02,1.0,1.0668237337921311,1.0,1.0,0.7,0.7,0.7467766136544918,1.0,0.7521107323234524,1.6002356006881966
2024-01-03,1.0,1.0335911626201009,1.0,1.2,0.0,0.0,0.0,1.3,0.8578806649746836,0.8268729300960809
2024-01-04,1.0,0.9777061016986434,1.0,0.0,0.0,0.0,0.0,0.2,0.0,0.0
2024-01-05,1.0,1.0129947481730528,1.0,1.2,0.0,0.0,0.0,1.3,0.8407856409836338,0.0
2024-01-08,1.0,1.0621923854131674,1.0,1.2,0.0,0.0,0.0,0.2,0.881619679892929,0.0
2024-01-09,1.0,0.8900180631180088,1.0,1.2,0.0,0.0,0.0,1.3,0.7387149923879475,0.7120144504944071
2024-01-10,1.0,0.9276405128389376,1.0,1.2,0.0,0.0,0.0,1.3,0.7699416256563184,0.7421124102711502
2024-01-11,1.0,0.9544365802833975,1.0,1.2,0.0,0.0,0.0,1.3,0.79218236163522,0.7635492642267182
2024-01-12,1.0,0.9987248492962759,1.0,1.2,0.0,0.0,0.0,0.2,0.828941624915909,0.0
2024-01-16,1.0,1.0493334717159295,1.0,1.2,0.0,0.0,0.0,1.3,0.8709467815242216,0.8394667773727438
2024-01-17,1.0,1.0667974670987186,1.0,1.2,0.0,0.0,0.0,1.3,0.8854418976919366,0.853437973678975
2024-01-18,1.0,1.0607122310534194,1.0,1.2,0.0,0.0,0.0,0.2,0.0,0.0
2024-01-19,1.0,1.0125290193722605,1.0,1.2,0.0,0.0,0.0,1.3,0.8403990860789765,0.8100232154978085
2024-01-22,1.0,0.9206495270807327,1.0,0.0,0.0,0.0,0.0,0.2,0.22095588649937584,0.0
2024-01-23,1.0,0.9678914780394086,1.0,0.0,0.0,0.0,0.0,0.2,0.0,0.0
2024-01-24,1.0,1.0168415151236911,1.0,0.0,0.0,0.0,0.0,0.2,0.0,0.0
2024-01-25,1.0,1.0672584269812926,1.0,0.0,0.3,0.3,0.32017752809438776,0.2,0.0,0.0
2024-01-26,1.0,1.1045594130910057,1.0,0.0,0.0,0.0,0.0,1.3,0.0,0.0
2024-01-29,1.0,1.137509814676474,1.0,1.2,0.0,0.0,0.0,1.3,0.0,0.0
2024-01-30,1.0,1.1342464484506944,1.0,1.2,0.0,0.0,0.0,1.3,0.0,0.0
2024-01-31,1.0,1.1705917491475921,1.0,1.2,0.0,0.0,0.0,1.3,0.0,0.0
2024-02-01,1.0,0.8295497875827399,1.0,0.0,0.0,0.0,0.0,0.2,0.0,0.0
2024-02-02,1.0,0.772665206217723,1.0,0.0,0.0,0.0,0.0,0.2,0.0,0.0
2024-02-05,1.0,0.7686843084664714,1.0,0.0,0.0,0.0,0.0,0.2,0.0,0.0
2024-02-06,1.0,0.7858359680652369,1.0,0.0,0.0,0.0,0.0,0.2,0.0,0.0
2024-02-07,1.0,0.825607728129769,1.0,0.0,0.0,0.0,0.0,0.2,0.0,0.0
2024-02-08,1.0,0.8399548073136742,1.0,0.0,0.0,0.0,0.0,0.2,0.0,0.0
2024-02-09,1.0,0.8792022154519407,1.0,0.0,0.0,0.0,0.0,0.2,0.0,0.0
2024-02-12,1.0,0.9144786377361055,1.0,0.0,0.0,0.0,0.0,0.2,0.0,0.0
2024-02-13,1.0,0.9511291953655322,1.0,0.0,0.0,0.0,0.0,0.2,0.0,0.0
2024-02-14,1.0,0.7899267929347089,1.0,0.0,1.0,1.0,0.7899267929347089,0.2,0.0,0.0
2024-02-15,1.0,0.789928102210633,1.0,0.0,1.0,1.0,0.789928102210633,0.2,0.0,0.0
2024-02-16,1.0,0.8132752055821074,1.0,0.0,1.0,1.0,0.8132752055821074,0.2,0.024398256167463224,0.0
2024-02-20,1.0,0.8204918321920566,1.0,0.0,1.0,1.0,0.8204918321920566,0.2,0.024614754965761695,1.144586105907919
2024-02-21,1.0,0.8286390347267458,1.0,0.0,1.0,1.0,0.8286390347267458,0.2,0.12429585520901187,1.2429585520901187
2024-02-22,1.0,0.8711572804422877,1.0,0.0,1.0,1.0,0.8711572804422877,0.2,0.13067359206634316,1.3067359206634315
2024-02-23,1.0,0.6912544633380817,1.0,0.0,1.0,1.0,0.6912544633380817,1.2,0.6013913831041311,1.0368816950071227
2024-02-26,1.0,0.7248962112431576,1.0,1.0,0.0,0.0,0.0,1.2,0.6306597037815472,1.0873443168647365
2024-02-27,1.0,0.7433415843823904,1.0,1.0,0.0,0.0,0.0,1.2,0.6467071784126798,1.1150123765735855
2024-02-28,1.0,0.7814814433702751,1.0,1.0,0.0,0.0,0.0,1.2,0.6798888557321395,0.707240706250099
2024-02-29,1.0,0.8149161807200105,1.0,1.0,0.0,0.0,0.0,1.2,0.7089770772264095,0.6519329445760085
2024-03-01,1.0,0.8539746905076715,1.0,0.0,0.0,0.0,0.0,0.2,0.12809620357615073,0.0
2024-03-04,1.0,0.8538478265571452,1.0,0.0,0.0,0.0,0.0,0.2,0.12807717398357177,0.0
2024-03-05,1.0,0.8870726699352658,1.0,0.0,0.0,0.0,0.0,0.2,0.13306090049028987,0.0
2024-03-06,1.0,0.8194025488705452,1.0,0.0,0.0,0.0,0.0,0.2,0.12291038233058178,0.0
2024-03-07,1.0,0.8498069321360124,1.0,0.0,0.0,0.0,0.0,0.2,0.12747103982040187,0.0
2024-03-08,1.0,0.8396833303138613,1.0,0.0,0.7,0.7,0.5877783312197029,0.2,0.12595249954707918,0.0
2024-03-11,1.0,0.8338922695200456,1.0,0.0,0.7,0.7,0.5837245886640319,0.2,0.12508384042800685,1.1632797159804635
2024-03-12,1.0,0.8726222720787582,1.0,0.0,0.0,0.0,0.0,0.2,0.13089334081181372,1.2173080695498677
2024-03-13,1.0,0.846406200170134,1.0,0.0,0.0,0.0,0.0,0.2,0.1269609300255201,1.2696093002552011
2024-03-14,1.0,0.879014919264162,1.0,0.0,0.0,0.0,0.0,1.2,0.7647429797598211,1.318522378896243
2024-03-15,1.0,0.9116447718869106,1.0,1.0,0.0,0.0,0.0,1.2,0.7931309515416121,1.3674671578303659
2024-03-18,1.0,0.895971705929457,1.0,1.0,0.0,0.0,0.0,1.2,0.7794953841586276,1.3439575588941854
2024-03-19,1.0,0.9161191526668699,1.0,1.0,0.0,0.0,0.0,1.2,0.7970236628201768,0.8290878331635173
2024-03-20,1.0,0.943797961933255,1.0,1.0,0.0,0.0,0.0,1.2,0.8211042268819317,0.8541371555495958
2024-03-21,1.0,0.9321480203076116,1.0,1.0,0.0,0.0,0.0,1.2,0.8109687776676218,0.7457184162460894
2024-03-22,1.0,0.978880191123697,1.0,1.0,0.0,0.0,0.0,1.2,0.7831041528989574,0.7831041528989577
2024-03-25,1.0,1.0069825972487298,1.0,1.0,1.0,1.0,1.0069825972487298,1.2,0.8055860777989835,0.8055860777989841
2024-03-26,1.0,1.0294064500042301,1.0,1.0,1.0,1.0,1.0294064500042301,1.2,0.8235251600033845,0.8235251600033843
2024-03-27,1.0,1.0660919395515118,1.0,1.0,1.0,1.0,1.0660919395515118,1.2,0.8528735516412096,0.8528735516412096
2024-03-28,1.0,1.0457404551805067,1.0,1.0,1.0,1.0,1.0457404551805067,1.2,0.8365923641444052,0.8365923641444055
2024-04-01,1.0,1.0928670238084455,1.0,1.0,1.0,1.0,1.0928670238084455,1.2,0.8742936190467565,0.8742936190467565
2024-04-02,1.0,1.1290376537863076,1.0,1.0,1.0,1.0,1.1290376537863076,1.2,0.9032301230290459,0.9032301230290463
2024-04-03,1.0,1.0870968870226794,1.0,1.0,1.0,1.0,1.0870968870226794,1.2,0.8696775096181432,0.8696775096181437
2024-04-04,1.0,1.1425088818022116,1.0,1.0,1.0,1.0,1.1425088818022116,1.2,0.9140071054417691,0.9140071054417694
2024-04-05,1.0,0.9656355266702658,1.0,1.0,1.0,1.0,0.9656355266702658,1.2,0.7725084213362124,1.3470615597050208
2024-04-08,1.0,0.8955837641055223,1.0,1.0,1.0,1.0,0.8955837641055223,1.2,0.716467011284418,1.2493393509272037
2024-04-09,1.0,0.941536827292142,1.0,1.0,1.0,1.0,0.941536827292142,1.2,0.7532294618337136,1.3134438740725383
2024-04-10,1.0,0.9893777493781784,1.0,1.0,1.0,1.0,0.9893777493781784,1.2,0.7915021995025424,1.380181960382559
2024-04-11,1.0,0.9205588301032405,1.0,1.0,0.7,0.7,0.6443911810722683,1.2,0.7364470640825922,1.2841795679940204
2024-04-12,1.0,0.9077569663884336,1.0,1.0,0.7,0.7,0.6354298764719035,1.2,0.7262055731107467,1.266320968111865
2024-04-15,1.0,0.8022406946434351,1.0,1.0,0.7,0.7,0.5615684862504045,1.2,0.6417925557147479,1.119125769027592
2024-04-16,1.0,0.7651290890885173,1.0,1.0,0.0,0.0,0.0,1.2,0.6121032712708138,1.0673550792784816
2024-04-17,1.0,0.8043387648638459,1.0,1.0,0.0,0.0,0.0,1.2,0.6434710118910767,1.122052576985065
2024-04-18,1.0,0.8356827553639014,1.0,1.0,0.0,0.0,0.0,1.2,0.6685462042911214,1.253524133045852
2024-04-19,1.0,0.8784417768225543,1.0,1.0,0.0,0.0,0.0,1.2,0.7027534214580433,1.3176626652338315
2024-04-22,1.0,0.8896529754189224,1.0,1.0,0.0,0.0,0.0,1.2,0.7117223803351378,1.3344794631283836
2024-04-23,1.0,0.8206146509371776,1.0,1.0,0.0,0.0,0.0,1.0,1.1734789508401644,1.2309219764057664
2024-04-24,1.0,0.7508049292875495,1.0,1.0,0.0,0.0,0.0,1.0,1.0361108024168184,1.1262073939313242
2024-04-25,1.0,0.789329346034357,1.0,1.0,0.0,0.0,0.0,1.0,1.0892744975274125,1.1839940190515355
2024-04-26,1.0,0.8229910801326347,1.0,1.0,0.0,0.0,0.0,1.5,1.2344866201989515,1.234486620198952
2024-04-29,1.0,0.7956779222801393,1.0,1.0,1.2000000000000002,1.2000000000000002,0.9548135067361674,1.5,1.193516883420209,1.193516883420209
2024-04-30,1.0,0.8288347137277262,1.0,0.0,0.0,0.0,0.0,0.2,0.0,0.0
2024-05-01,1.0,0.7209099877535139,1.0,0.0,0.0,0.0,0.0,0.2,0.0,0.0
2024-05-02,1.0,0.7556115120433886,1.0,0.0,0.0,0.0,0.0,0.2,0.0,0.0
2024-05-03,1.0,0.7363849270694799,1.0,0.0,0.0,0.0,0.0,0.2,0.0,0.0
2024-05-06,1.0,0.7008126386477235,1.0,0.0,0.0,0.0,0.0,0.2,0.0,0.0
2024-05-07,1.0,0.6993931571135553,1.0,0.0,0.0,0.0,0.0,0.2,0.0,0.0
2024-05-08,1.0,0.7350511075147403,1.0,0.0,0.0,0.0,0.0,0.2,0.0,0.0
2024-05-09,1.0,0.7713339604000314,1.0,0.0,0.0,0.0,0.0,0.2,0.0,0.0
2024-05-10,1.0,0.8005212703141419,1.0,1.2,0.0,0.0,0.0,1.3,0.19212510487539405,0.4803127621884852
2024-05-13,1.0,0.8412652645144698,1.0,0.0,0.0,0.0,0.0,0.2,0.0,0.0
2024-05-14,1.0,0.8819179687952953,1.0,0.0,0.0,0.0,0.0,0.2,0.0,0.0
2024-05-15,1.0,0.9199319627469315,1.0,0.0,1.0,1.0,0.9199319627469315,0.2,0.0,0.0
2024-05-16,1.0,0.8722163745789019,1.0,0.0,1.0,1.0,0.8722163745789019,0.2,0.0,0.0
2024-05-17,1.0,0.8951599596506848,1.0,0.0,0.0,0.0,0.0,0.2,0.0,0.0
2024-05-20,1.0,0.9399678882962196,1.0,0.0,0.0,0.0,0.0,0.2,0.0,0.0
2024-05-21,1.0,0.9864266130083551,1.0,0.0,0.0,0.0,0.0,0.2,0.0,0.0
2024-05-22,1.0,1.0370160103428254,1.0,0.0,0.0,0.0,0.0,0.2,0.0,0.0
2024-05-23,1.0,1.052324827175006,1.0,0.0,0.0,0.0,0.0,0.2,0.0,0.0
2024-05-24,1.0,0.9963385645294569,1.0,0.0,0.0,0.0,0.0,0.2,0.029890156935883705,0.0
2024-05-28,1.0,1.00770658022823,1.0,0.0,0.0,0.0,0.0,0.2,0.0,0.0
2024-05-29,1.0,1.0585640466759851,1.0,0.0,0.0,0.0,0.0,0.2,0.0,0.0
2024-05-30,1.0,1.015651125357098,1.0,0.0,0.0,0.0,0.0,0.2,0.0,0.0
2024-05-31,1.0,1.0014156021249432,1.0,1.2,0.0,0.0,0.0,1.3,0.8311749497637031,0.8011324816999547
2024-06-03,1.0,0.9556340845186126,1.0,1.2,0.0,0.0,0.0,1.3,0.7931762901504487,0.7645072676148903
2024-06-04,1.0,1.004672090861756,1.0,1.2,0.0,0.0,0.0,1.3,0.8338778354152574,0.8037376726894049
2024-06-05,1.0,1.0560911100206372,1.0,1.2,0.0,0.0,0.0,0.2,0.876555621317129,0.0
2024-06-06,1.0,0.9575901815715813,1.0,0.0,0.0,0.0,0.0,0.2,0.0,0.0
2024-06-07,1.0,1.0025363816884387,1.0,1.2,0.0,0.0,0.0,1.3,0.2406087316052253,0.6015218290130633
2024-06-10,1.0,1.0427695071399854,1.0,1.2,0.0,0.0,0.0,1.3,0.2502646817135965,0.6256617042839914
2024-06-11,1.0,1.0921257443855237,1.0,1.2,0.0,0.0,0.0,1.3,0.26211017865252567,0.6552754466313143
2024-06-12,1.0,1.1469915360462006,1.0,0.0,0.0,0.0,0.0,0.2,0.0,0.0
2024-06-13,1.0,1.128068496046578,1.0,0.0,0.0,0.0,0.0,0.2,0.0,0.0
2024-06-14,1.0,1.1858142383050454,1.0,0.0,0.7,0.7,0.8300699668135317,0.2,0.0,0.0
2024-10-28,1.0,1.2406697595013538,1.0,0.0,0.7,0.7,0.8684688316509477,0.2,0.0,0.0
2024-10-29,1.0,1.1394411891366416,1.0,0.0,0.7,0.7,0.7976088323956491,0.2,0.0,0.0
2024-10-30,1.0,1.196172443595284,1.0,0.0,0.7,0.7,0.8373207105166988,0.2,0.0,0.0
2024-10-31,1.0,1.2260987048514516,1.0,0.0,0.7,0.7,0.8582690933960161,0.2,0.0,1.8391480572771775
2024-11-01,1.0,0.811942323854058,1.0,0.0,0.7,0.7,0.5683596266978406,0.2,0.0,1.217913485781087
2024-11-04,1.0,0.8312523582535846,1.0,0.0,0.7,0.7,0.5818766507775092,0.2,0.0,1.2468785373803768
2024-11-05,1.0,0.8728147057120659,1.0,0.0,0.7,0.7,0.610970293998446,1.0,1.1782998527112896,1.309222058568099
2024-11-06,1.0,0.794653524614375,1.0,1.0,0.7,0.7,0.5562574672300624,1.0,1.0727822582294064,1.1919802869215625
2024-11-07,1.0,0.5949411135536059,1.0,1.0,1.0,1.0,0.5949411135536059,1.2,0.8507657923816563,0.8924116703304088
2024-11-08,1.0,0.6180498687088891,1.0,1.0,1.0,1.0,0.6180498687088891,1.2,0.8838113122537117,0.4944398949671114
2024-11-11,1.0,0.6492340022295494,1.0,1.0,1.0,1.0,0.6492340022295494,1.2,0.9284046231882556,0.5193872017836396
2024-11-12,1.0,0.6807963669754307,1.0,1.0,1.0,1.0,0.6807963669754307,1.2,0.9735388047748662,0.5446370935803446
2024-11-13,1.0,0.7008677649419316,1.0,1.0,1.0,1.0,0.7008677649419316,1.2,1.0022409038669624,0.5606942119535454
2024-11-14,1.0,0.7352191358365727,1.0,1.0,1.0,1.0,0.7352191358365727,1.2,1.051363364246299,0.5881753086692583
2024-11-15,1.0,0.7364959242664262,1.0,1.0,1.0,1.0,0.7364959242664262,1.2,1.0531891717009894,0.5891967394131411
2024-11-18,1.0,0.6856159597442396,1.0,1.0,1.0,1.0,0.6856159597442396,1.2,0.9804308224342628,1.0284239396163595
2024-11-19,1.0,0.7137787422261969,1.0,1.0,1.0,1.0,0.7137787422261969,1.2,1.0207036013834612,1.0706681133392952
2024-11-20,1.0,0.7453583342702947,1.0,1.0,0.7,0.7,0.5217508339892063,1.0,1.065862418006522,1.1180375014054422
2024-11-21,1.0,0.783528327681972,1.0,1.0,0.7,0.7,0.5484698293773803,1.2,1.1204455085852203,1.1752924915229581
2024-11-22,1.0,0.8100408888151235,1.0,1.0,0.7,0.7,0.5670286221705864,1.2,1.1583584710056267,1.2150613332226852
2024-11-25,1.0,0.8488732874493501,1.0,1.0,0.7,0.7,0.594211301214545,1.2,1.2138888010525712,1.2733099311740252
2024-11-26,1.0,0.8889465214842859,1.0,1.0,0.7,0.7,0.6222625650390001,1.2,1.2711935257225286,0.7111572171874289
2024-11-27,1.0,0.9219848709062367,1.0,1.0,0.7,0.7,0.6453894096343656,1.2,1.318438365395918,0.7375878967249895
2024-11-29,1.0,0.9452779761514466,1.0,1.0,0.7,0.7,0.6616945833060126,1.2,1.351747505896569,0.7562223809211575
2024-12-02,1.0,0.9687779773582893,1.0,1.0,0.7,0.7,0.6781445841508025,1.2,0.7750223818866319,0.7750223818866316
2024-12-03,1.0,1.0184856766222918,1.0,1.0,0.7,0.7,0.7129399736356042,1.2,0.8147885412978335,0.8147885412978336
2024-12-04,1.0,1.0680586755900543,1.0,1.0,1.0,1.0,1.0680586755900543,1.2,0.8544469404720433,0.8544469404720436
2024-12-05,1.0,1.0915972979629203,1.0,1.0,1.0,1.0,1.0915972979629203,1.2,0.8732778383703363,0.8732778383703363
2024-12-06,1.0,1.1235467405238406,1.0,1.0,1.0,1.0,1.1235467405238406,1.2,0.8988373924190721,0.8988373924190727
2024-12-09,1.0,1.1811786414828667,1.0,1.0,1.0,1.0,1.1811786414828667,1.2,0.9449429131862935,0.9449429131862935
2024-12-10,1.0,1.1480135706595418,1.0,1.0,1.0,1.0,1.1480135706595418,1.2,0.9184108565276329,0.9184108565276337
2024-12-11,1.0,1.1722904361283508,1.0,1.0,1.0,1.0,1.1722904361283508,1.2,0.937832348902681,0.9378323489026809
2024-12-12,1.0,1.1393347024023233,1.0,0.0,0.0,0.0,0.0,0.2,0.09114677619218586,0.0
2024-12-13,1.0,1.1215088506058302,1.0,0.0,0.0,0.0,0.0,0.2,0.08972070804846641,0.0
2024-12-16,1.0,1.177292966457518,1.0,0.0,0.0,0.0,0.0,0.2,0.09418343731660145,0.0
2024-12-17,1.0,1.210698701633634,1.0,0.0,0.0,0.0,0.0,0.2,0.0,0.0
2024-12-18,1.0,1.2147349930479638,1.0,0.0,0.0,0.0,0.0,0.2,0.0,0.0
2024-12-19,1.0,0.606707187008368,1.0,0.0,0.0,0.0,0.0,0.2,0.0,0.0
2024-12-20,1.0,0.6365984331584212,1.0,0.0,0.0,0.0,0.0,0.2,0.0,0.0
2024-12-23,1.0,0.6095253268016372,1.0,0.0,0.0,0.0,0.0,0.2,0.0,0.0
2024-12-24,1.0,0.6273350744586217,1.0,0.0,0.0,0.0,0.0,0.2,0.0,0.0
2024-12-26,1.0,0.6213991259007412,1.0,0.0,1.0,1.0,0.6213991259007412,0.2,0.0,0.0
2024-12-27,1.0,0.6530594086549543,1.0,0.0,1.0,1.0,0.6530594086549543,0.2,0.0,0.0
2024-12-30,1.0,0.6433276684746865,1.0,0.0,1.0,1.0,0.6433276684746865,0.2,0.0,0.9649915027120297
2024-12-31,1.0,0.6361849937707458,1.0,0.0,1.0,1.0,0.6361849937707458,0.2,0.0,0.9542774906561187
2025-01-02,1.0,0.6669922934172087,1.0,0.0,0.0,0.0,0.0,0.2,0.0,0.0
2025-01-03,1.0,0.7008847387265749,1.0,0.0,0.0,0.0,0.0,0.2,0.0,0.0
2025-01-06,1.0,0.6596746441855882,1.0,1.0,0.0,0.0,0.0,0.2,0.0,0.0
2025-01-07,1.0,0.6800284001946326,1.0,1.0,0.0,0.0,0.0,0.2,0.0,0.0
2025-01-08,1.0,0.6645833483884753,1.0,1.0,0.0,0.0,0.0,0.2,0.0,0.0
2025-01-10,1.0,0.6966884774139228,1.0,1.0,0.0,0.0,0.0,0.2,0.0,0.0
2025-01-13,1.0,0.6514505596732854,1.0,1.0,0.0,0.0,0.0,0.2,0.0,0.0
2025-01-14,1.0,0.6803247950593423,1.0,1.0,0.0,0.0,0.0,0.2,0.0,0.0
2025-01-15,1.0,0.7114314336284878,1.0,1.0,0.0,0.0,0.0,0.2,0.0,0.0
2025-01-16,1.0,0.6129623979532295,1.0,1.0,0.7,0.7,0.42907367856726064,0.2,0.0,0.0
2025-01-17,1.0,0.6426305062458618,1.0,1.0,0.7,0.7,0.44984135437210326,0.2,0.0,0.0
2025-01-21,1.0,0.6442740730307633,1.0,1.0,0.7,0.7,0.4509918511215343,0.2,0.0,0.0
2025-01-22,1.0,0.6559203697309441,1.0,1.0,0.7,0.7,0.4591442588116609,0.2,0.0,0.0
2025-01-23,1.0,0.6845986339469077,1.0,1.0,0.7,0.7,0.47921904376283536,0.2,0.0,0.0
2025-01-24,1.0,0.7155297676417985,1.0,1.0,0.7,0.7,0.500870837349259,0.2,0.0,0.5724238141134389
2025-01-27,1.0,0.7378234694050544,1.0,1.0,0.7,0.7,0.516476428583538,0.2,0.0,0.5902587755240436
2025-01-28,1.0,0.6646489932035788,1.0,1.0,0.7,0.7,0.46525429524250517,1.0,0.3688801912279863,0.5317191945628632
2025-01-29,1.0,0.6747344567651051,1.0,1.0,0.7,0.7,0.4723141197355736,1.0,0.3744776235046333,0.5397875654120842
2025-01-30,1.0,0.6960909891355942,1.0,1.0,0.7,0.7,0.4872636923949159,1.0,1.0441364837033913,0.5568727913084754
2025-01-31,1.0,0.7224474612162047,1.0,1.0,1.0,1.0,0.7224474612162047,1.2,1.0836711918243072,0.5779579689729639
2025-02-03,1.0,0.739134677173171,1.0,1.0,1.0,1.0,0.739134677173171,1.2,1.108702015759757,1.1087020157597567
2025-02-04,1.0,0.749975270058311,1.0,1.0,1.0,1.0,0.749975270058311,1.2,1.1249629050874668,1.1249629050874665
2025-02-05,1.0,0.7635358700254762,1.0,1.0,1.0,1.0,0.7635358700254762,1.2,1.1453038050382143,1.1453038050382143
2025-02-06,1.0,0.7954550887537306,1.0,1.0,1.0,1.0,0.7954550887537306,1.2,1.1931826331305961,1.193182633130596
2025-02-07,1.0,0.8317443835133436,1.0,1.0,1.0,1.0,0.8317443835133436,1.2,1.2476165752700155,1.2476165752700155
2025-02-10,1.0,0.8035687336429631,1.0,1.0,1.0,1.0,0.8035687336429631,1.2,1.205353100464445,1.2053531004644447
2025-02-11,1.0,0.8158196284551062,1.0,1.0,0.0,0.0,0.0,1.2,1.2237294426826597,1.1380683816948733
2025-02-12,1.0,0.8576833494692935,1.0,1.0,0.0,0.0,0.0,1.2,0.6046667613758521,1.1964682725096645
2025-02-13,1.0,0.8886568103328678,1.0,1.0,0.0,0.0,0.0,1.0,0.6265030512846721,1.2396762504143506
2025-02-14,1.0,0.8505990444137834,1.0,1.0,0.0,0.0,0.0,1.0,0.637949283310338,1.186585666957228
2025-02-18,1.0,0.8926391811087326,1.0,1.0,0.0,0.0,0.0,1.0,0.6694793858315495,1.245231657646682
2025-02-19,1.0,0.9356816085581209,1.0,1.0,0.0,0.0,0.0,1.0,0.7017612064185907,1.3052758439385785
2025-02-20,1.0,0.9826739936598995,1.0,1.0,0.0,0.0,0.0,1.2,0.7861391949279196,0.7861391949279197
2025-02-21,1.0,0.9952361066558642,1.0,1.0,0.0,0.0,0.0,1.2,0.7961888853246911,0.7961888853246915
2025-02-24,1.0,0.7766954565585251,1.0,1.0,0.0,0.0,0.0,1.2,0.62135636524682,0.6213563652468203
2025-02-25,1.0,0.8078383882378797,1.0,1.0,1.2000000000000002,1.2000000000000002,0.9694060658854557,1.2,0.646270710590304,0.6462707105903038
2025-02-26,1.0,0.8391756374265403,1.0,1.0,0.0,0.0,0.0,0.2,0.0,0.0
2025-02-27,1.0,0.8790919612062309,1.0,1.0,0.0,0.0,0.0,0.2,0.0,0.0
2025-02-28,1.0,0.7758360348565867,1.0,1.0,0.0,0.0,0.0,0.2,0.0,0.0
2025-03-03,1.0,0.6637793159848984,1.0,1.0,0.0,0.0,0.0,0.2,0.0,0.0
2025-03-04,1.0,0.6108395323603084,1.0,1.0,0.0,0.0,0.0,0.2,0.0,0.0
2025-03-05,1.0,0.6175196786345878,1.0,1.0,0.0,0.0,0.0,0.2,0.0,0.0
2025-03-06,1.0,0.5942506609970161,1.0,1.0,0.0,0.0,0.0,0.2,0.0,0.0
2025-03-07,1.0,0.5657957087185344,1.0,1.0,0.0,0.0,0.0,0.2,0.0,0.0
2025-03-10,1.0,0.5755672916838108,1.0,1.0,0.0,0.0,0.0,0.2,0.0,0.0
2025-03-11,1.0,0.4974424320195855,1.0,0.0,0.0,0.0,0.0,0.2,0.0,0.0
2025-03-12,1.0,0.5211567345916172,1.0,0.0,0.0,0.0,0.0,0.2,0.0,0.0
2025-03-13,1.0,0.5279301696806493,1.0,0.0,0.0,0.0,0.0,0.2,0.0,0.0
2025-03-14,1.0,0.5396866644761579,1.0,0.0,0.0,0.0,0.0,0.2,0.0,0.0
2025-03-17,1.0,0.46484584266267437,1.0,0.0,0.0,0.0,0.0,0.2,0.0,0.0
2025-03-18,1.0,0.47488365534567734,1.0,0.0,0.0,0.0,0.0,0.2,0.0,0.0
2025-03-19,1.0,0.4878490332780421,1.0,1.2,0.0,0.0,0.0,0.2,0.0,0.0
2025-03-20,1.0,0.4870563714615949,1.0,1.2,0.0,0.0,0.0,0.2,0.0,0.0
2025-03-21,1.0,0.5116532704607679,1.0,0.0,0.0,0.0,0.0,0.2,0.0,0.0
2025-03-24,1.0,0.5373546090241186,1.0,0.0,0.0,0.0,0.0,0.2,0.0,0.0
2025-03-25,1.0,0.5016356116169961,1.0,0.0,0.0,0.0,0.0,0.2,0.0,0.0
2025-03-26,1.0,0.5268067491831759,1.0,0.0,0.0,0.0,0.0,0.2,0.0,0.0
2025-03-27,1.0,0.5250700873905135,1.0,0.0,0.0,0.0,0.0,0.2,0.0,0.0
2025-03-28,1.0,0.5511004423826927,1.0,0.0,0.0,0.0,0.0,0.2,0.0,0.0
2025-03-31,1.0,0.5100215039650572,1.0,0.0,0.0,0.0,0.0,0.2,0.0,0.0
2025-04-01,1.0,0.5217360540483102,1.0,0.0,0.0,0.0,0.0,0.2,0.0,0.0
2025-04-02,1.0,0.5447656421706856,1.0,0.0,0.0,0.0,0.0,0.2,0.0,0.0
2025-04-03,1.0,0.5608449817779468,1.0,0.0,0.0,0.0,0.0,0.2,0.0,0.0
2025-04-04,1.0,0.34681750603365036,1.0,1.2,0.0,0.0,0.0,1.3,0.08323620144807609,0.0
2025-04-07,1.0,0.26690411011625687,1.0,1.2,0.0,0.0,0.0,0.2,0.0,0.0
2025-04-08,1.0,0.2788121116148562,1.0,1.2,0.0,0.0,0.0,1.3,0.2314140526403307,0.223049689291885
2025-04-09,1.0,0.2920083146481603,1.0,1.2,0.0,0.0,0.0,1.3,0.242366901157973,0.2336066517185283
2025-04-10,1.0,0.15643587566240943,1.0,1.2,0.0,0.0,0.0,1.3,0.12984177679979986,0.12514870052992758
2025-04-11,1.0,0.15513967313730498,1.0,1.2,0.0,0.0,0.0,1.3,0.12876592870396314,0.12411173850984401
2025-04-14,1.0,0.16092205372605425,1.0,1.2,0.0,0.0,0.0,1.3,0.133565304592625,0.12873764298084342
2025-04-15,1.0,0.16851222502370583,1.0,1.2,0.0,0.0,0.0,1.3,0.04044293400568941,0.10110733501422352
2025-04-16,1.0,0.17711857147939986,1.0,1.2,0.0,0.0,0.0,1.3,0.042508457155055974,0.10627114288763993
2025-04-17,1.0,0.18282066022869864,1.0,1.2,0.0,0.0,0.0,0.2,0.0,0.0
2025-04-21,1.0,0.19207226500690075,1.0,1.2,0.0,0.0,0.0,0.2,0.0,0.0
2025-04-22,1.0,0.19767307197184283,1.0,1.2,0.0,0.0,0.0,0.2,0.0,0.0
